a03eb775-7bc7-4bd5-8b20-7ed4b08ca8c7	_Art1_Template	a8b02703_fd88_4b95_a207_c495d59a98d5.BIN
cfaf9064-584e-465b-980a-218fe86abfcd	_ArtX_PROFILEHELPERASSEMBLYFILE	4d018d1b_add9_4397_ba1a_ec840399502b.BIN
cfaf9064-584e-465b-980a-218fe86abfcd	_ArtX_PROFILEHELPERHELPFILE	fe4d8fcf_19f6_42c9_9cdb_39bef73eb114.BIN
cfaf9064-584e-465b-980a-218fe86abfcd	_ArtX_PROFILEHELPERHELPTOPICPREFIX	3b34904c_15e6_4756_a730_729f36a2ab7c.BIN
b06acdc3-3fcb-46fc-aafb-0b1bbda21f3b	_Art1_RTF	ba995b29_23f6_47cd_a804_58050cf503fb.BIN
7536b1ee-4cbd-4b97-b7ea-66499e5e78a2	_Art1_Icon	09745968_e0c8_46a4_92a4_b03baff22ea5.BIN
17fb1b9e-b593-4307-8ff1-6ec146620068	_Art1_ScriptText	90ae6fdb_0827_402a_a820_ed35061bf77e.BIN
17fb1b9e-b593-4307-8ff1-6ec146620068	_Art1_Icon	ee7a972e_bbb0_41cd_be32_50fffe7296e4.BIN
9e77a7cc-63bf-4a98-8e17-036b83d9b495	_Art1_ScriptText	76682398_2d13_4500_843a_3b8f3120b71b.BIN
9e77a7cc-63bf-4a98-8e17-036b83d9b495	_Art1_Icon	1243256b_1f51_4eb7_b5ef_31f1fada9722.BIN
f79d7acf-f0d0-4060-b083-7207b66fc52f	_Art1_RTF	d960a6e9_dcfc_4307_a53b_022e3fd34541.BIN
9d048a8e-8076-45a8-bcee-d57eee3c0b01	_Art1_RTF	bbfdb90d_72ef_4c41_8e28_4297c5c1505e.BIN
00b8eb9c-cd37-467d-baea-32bb8dddb43e	_Art1_RTF	307750d4_0a4f_4a19_a392_b12fb745729c.BIN
e9bd7527-4636-48d3-83c4-57511e293e5e	_Art1_RTF	4742e06b_2f93_4b7b_9ab5_0b5d11784065.BIN
3fa3af66-0f84-4d17-9bd9-0dfb518d3345	_Art1_RTF	c24fc3e4_74af_4227_a7cf_906d72ae3597.BIN
419a06c5-d49f-4880-bea4-88e0739fcf1a	_Art1_RTF	93ea9848_b41d_4321_acca_6181d0b1feaa.BIN
8d73d1aa-3ee0-4806-8955-5ca4372f9d71	_Art1_RTF	89e9710f_f205_4528_a11d_ee971d3023e3.BIN
c0085292-8968-4892-af4f-2a5cdbc7e599	_Art1_RTF	85320e78_d990_475a_9243_784a657b2509.BIN
cdcf3987-6fae-4219-aee1-4e6466b21ba8	_Art1_RTF	945cb183_7141_4a55_bdca_ad58473ee71d.BIN
47977680-252f-4c6f-88cb-1b6ddfd0250d	_Art1_RTF	f699e7dd_2cdc_4d67_9729_02a5df8e57bc.BIN
038e0915-239c-4561-9647-252bb62b72c8	_Art1_RTF	6fc97a94_c403_4e7b_a30c_754c56a3654c.BIN
f3d59cd9-4824-4d4e-b867-014157a2ea43	_Art1_RTF	e5e80c68_08bf_4542_ade8_b9937e444f08.BIN
baf06a39-3ea4-4c98-ba1e-dc492c6b1836	_Art1_RTF	372fccc2_02ff_4499_9df0_31ffa30b58a0.BIN
92d801ac-be30-4a2f-86be-7a67ec270318	_Art1_RTF	4778a6cf_ae47_4848_b2be_48d3e151315e.BIN
2ab7266d-c304-4ba8-8c2d-a8c75794dd12	_Art1_RTF	26fb86e7_44d7_4fb6_b3ff_6a6687a4bc9e.BIN
2e9a48f0-cb26-427d-9443-0ab1181c11ac	_Art1_RTF	6ca34856_51ae_439f_b8dc_d4c07c4893a9.BIN
35b6d758-6575-4dae-b8b9-4660237e3bc1	_Art1_RTF	db08e8c7_ef75_43e8_a9b3_6652e242a66b.BIN
fd7a0eff-a3c8-46d9-a93b-d0def6dbc9ed	_Art1_RTF	94fda7d4_5d78_419a_8f95_d191dfe68270.BIN
f2411aae-8e68-4ee3-af6b-6f2134b744e6	_Art1_RTF	5ae69126_6aad_4542_9f3b_0f96656f1c71.BIN
3f895ff9-33af-47eb-81ab-eabc4cda3819	_Art1_RTF	148f8b26_1f80_4ba5_ac31_073392418535.BIN
c2aaaf0e-3376-405d-83fc-1d7ffe93cd97	_Art1_RTF	d3499f34_df51_4349_b6bd_1691462c9fe8.BIN
552e7a52-c44b-4fe2-a6b3-1d94ed0c0be9	_Art1_RTF	9c742f26_2ff5_439c_ba3a_3f74bd71c38a.BIN
7725b113-4b84-41a5-874d-b7dadaf4f92c	_Art1_RTF	6cfe870e_f682_498d_ac17_4e919603d039.BIN
b89e50a2-35d1-4114-82cd-948abefa6089	_Art1_RTF	7cd77155_8c7e_4410_96d7_bd06e5e0420e.BIN
8e5047bc-abf5-41fe-accd-b08517295b2e	_Art1_RTF	8662c27e_86ae_4f96_8c92_751f1508a842.BIN
6707650f-a5bf-4ee8-bf32-fb4f90c505d4	_Art1_RTF	480b39f9_811d_4b56_8754_5f0198050486.BIN
087b36e8-113a-4012-b504-4c6205960791	_Art1_RTF	b0b13b47_8108_4bbb_b5cd_aca2d0f81cb1.BIN
183107bf-b411-4664-92f7-d38014b9b487	_Art1_RTF	b59f8c4c_a0a9_44ce_9847_2aa9baf2ca16.BIN
d1114d5f-b4ae-4971-bbe4-d92cc89535ff	_Art1_RTF	2294bf9b_f44e_41bc_b62e_ce73adff3851.BIN
dbbc6965-ee38-48a2-958a-2744756bc707	_Art1_Icon	d8609536_4144_47c6_a512_4a5def1e095b.BIN
95233d7a-8b6f-47fa-86b2-5fc1be2060a3	_Art1_RTF	d8012c89_8895_4b3b_844c_31f53f983047.BIN
c53ea555-fa8b-4626-8b44-0a7a08978399	_Art1_RTF	8f567ba4_abcc_440f_af44_9481a0357b74.BIN
109d3c3d-daec-4b20-acfe-977fb0f2bfa7	_Art1_RTF	b31a96b8_4be7_42b5_9eb6_66ba9638456a.BIN
7b05e3b4-809b-48d4-bdf9-a77fe12c7bd9	_Art1_RTF	3f1ef44c_60af_46f8_ba15_f6e7b77643df.BIN
786c70bf-92a0-403d-8966-0b40bae07911	_Art1_RTF	40470d2b_f3d6_468a_876c_143b82cd4934.BIN
cc2aa3e8-b8b4-4165-b00d-27948326a9b5	_Art1_RTF	d5b6dea1_a00c_4c2d_84ae_1791f458c0b5.BIN
0bc60dd1-3991-44cb-8772-50c973654667	_Art1_Icon	e70a590e_e690_4036_8bb5_072af7e1f646.BIN
e7dd07ef-e663-4e05-9f27-c6c2142428a2	_Art1_RTF	01395b4e_b531_4e36_b614_bcecd3c411eb.BIN
a87fc02f-8680-4f23-9189-c2bdd42ce2f1	_Art1_RTF	64d44687_fb38_4fbb_98ff_387f447431d5.BIN
77b336a6-4607-4ac9-98f3-7aafc183c321	_Art1_WindowsMetaFile	628b579c_3241_4c9a_9455_ea7e0359ce19.BIN
77b336a6-4607-4ac9-98f3-7aafc183c321	_Art1_Icon	b23c497c_5741_4f3b_ac6a_46898b791121.BIN
310e1812-47b9-4d01-93e1-d938be4bbdb8	_Art1_RTF	15d55419_6643_4737_9c12_a77b12b61942.BIN
0cfd0e53-ef75-4306-9677-426bc610359d	_Art1_RTF	1e24e764_bbc6_46a5_8df4_5aa88540d93a.BIN
82fcd5e5-bab6-4a43-86b0-31a95fbaa0c4	_Art1_RTF	652b52c1_90cd_4445_b1b6_aa06cdac8df0.BIN
e4b2b3eb-c097-4fc4-8a6a-f04af7f86857	_Art1_Icon	4b03988f_ecb1_4774_8293_6a9769885279.BIN
9cc5d653-2e0d-4d56-824f-7a1ae5ce51bc	_Art1_Icon	23f27388_6eb2_4c68_ba25_0165ffccd22d.BIN
03926741-d7fd-473f-a3b5-dd1c826781b1	_Art1_RTF	3d9d6be4_c92d_4f45_9f93_b84daa9437d0.BIN
0624cbce-d8f2-4349-a9a8-ac1e7dd04873	_Art1_RTF	ad8102b5_2ddf_49c6_a2fe_3b785829c0ce.BIN
b7b3d892-65d3-4eb2-8485-b510b8fea794	_Art1_Icon	36cf12fb_8050_4d79_b71b_8428acd05bb8.BIN
329b2508-82d9-480c-8eb8-39ad64db6eca	_Art1_RTF	ca4c825c_ba41_44fe_910e_4a0dca374fb1.BIN
c010872b-465b-4fe5-a540-f9a7214eaa15	_Art1_RTF	f5c41398_f72a_462a_aabf_e0bf6d8e0e6c.BIN
79f4911d-4b97-44ac-a1b1-9c9f981f1fd1	_Art1_Icon	5f1f045e_51d7_4a1e_a6bd_81164a97ba4b.BIN
92e31264-83f7-4e32-96d1-05028088a2b8	_Art1_ScriptText	c6ac7358_4503_4204_9332_c3dc4c58557c.BIN
a01bf4d0-ab1b-4947-8c9b-223a9a64e936	_Art1_ScriptText	693a911a_b515_47f8_b720_f382e451d0d4.BIN
f294f962-5f01-4489-899f-449b623e4a99	_Art1_ScriptText	fb9ba303_1c5a_41d7_92b4_d96c7cebe959.BIN
3f10ccf2-dde6-47e9-a9cc-28ea28c77ad3	_Art1_ScriptText	e3e1a5ca_dc0b_4277_8882_8f75502c010f.BIN
0fb91d1e-2253-4dbe-b180-a77ad40cbe02	_Art1_ScriptText	e7f8d0e8_b448_4645_9f47_e512394fbe07.BIN
c5becb5b-14d1-47df-9081-37a09bf7325a	_Art1_ScriptText	336187d9_87d8_45aa_a32b_bed98ad5b142.BIN
c5becb5b-14d1-47df-9081-37a09bf7325a	_Art1_Icon	29c719c8_3201_4c27_b091_377c9bec7639.BIN
5cbf2238-5def-4196-9080-a40c760a3ec7	_Art1_ScriptText	ff3bbc5f_af2e_4d89_a6eb_a70dba381bea.BIN
5cbf2238-5def-4196-9080-a40c760a3ec7	_Art1_Icon	84034077_3a81_4444_9b6a_0886a9f4bfb3.BIN
92488609-82bb-472f-9fef-a3a9e2749dc3	_Art1_ScriptText	044b24a6_4bc5_4c13_8f10_cd042713f0fe.BIN
b0b8a4f3-ecae-4470-9db7-0badd1cd71e0	_Art1_ScriptText	be60b62e_192a_4d25_a837_e3d012b49f10.BIN
b0b8a4f3-ecae-4470-9db7-0badd1cd71e0	_Art1_Icon	1c29ab24_12da_47a0_b812_c93b2075811b.BIN
e8650bde-27e9-4a99-83c5-bf3007f4761c	_Art1_ScriptText	856b88cf_7398_49e1_8fdf_96dc9e6af20c.BIN
e8650bde-27e9-4a99-83c5-bf3007f4761c	_Art1_Icon	53d6d5a3_c3db_4b9d_8da4_be80af4d63da.BIN
a78fccca-4a46-4194-999f-f7228fd2ac51	_Art1_ScriptText	0acdbe97_992b_44d5_8ecf_c55e7ff7902f.BIN
a78fccca-4a46-4194-999f-f7228fd2ac51	_Art1_Icon	8ee83c06_140c_4ff1_ae97_0a5f7160b986.BIN
d372d931-7ccc-4769-b66f-544afe2ae324	_Art1_ScriptText	520d466d_74e6_4bf4_a38f_dac884bdb3b2.BIN
d372d931-7ccc-4769-b66f-544afe2ae324	_Art1_Icon	c49af970_b6d9_4ae3_b9f2_7161ea15ca1a.BIN
9d8a4077-27c6-424b-88f9-91ccaeb394d5	_Art1_ScriptText	0188f28c_3aea_47b3_85ef_a29d52337d61.BIN
9d8a4077-27c6-424b-88f9-91ccaeb394d5	_Art1_Icon	3e549333_aee6_4c48_b575_be70fea3fc3f.BIN
e16377a9-f616-4663-984b-5ad503679efc	_Art1_ScriptText	f70fd685_1d06_4298_bf75_7203f05a9f1b.BIN
2d29e9ec-2994-4484-b079-5a3c45ede83f	_Art1_ScriptText	791d289d_5e26_4e0d_87f6_cb3ad53c199f.BIN
61fedc92-b8e4-4129-8f97-680bc4ff880f	_Art1_ScriptText	ed61185d_3b45_4fc3_a5a1_18e109ee6393.BIN
61fedc92-b8e4-4129-8f97-680bc4ff880f	_Art1_Icon	9f3932ac_d837_4c29_a7d6_a2059154d5fd.BIN
517904ea-b73b-44d6-861a-d1910d75d865	_Art1_ScriptText	758333c0_9b29_4561_acea_a7b55695b4b9.BIN
631e2162-49a4-446d-8822-d296e797cc2f	_Art1_ScriptText	f332943e_d2f7_41c0_b1db_f08ea6c4b143.BIN
631e2162-49a4-446d-8822-d296e797cc2f	_Art1_Icon	f6188759_ee55_402e_a8e9_45de0ca71503.BIN
c910d274-f76f-4bcd-b1b3-9b60f8d941c4	_Art1_ScriptText	9dd575f0_caf0_4ee6_95c8_717de358280a.BIN
c910d274-f76f-4bcd-b1b3-9b60f8d941c4	_Art1_Icon	03715dbe_de09_4af4_af54_a003a9844324.BIN
c4485e0e-1b42-48b9-86a9-86efa1c4394f	_Art1_ScriptText	88f0e29e_03f3_429e_8fd6_1a8ac2a145c0.BIN
747eb5ae-6b08-477b-a6f7-639b2c2bf34f	_Art1_ScriptText	b80d1eae_3b60_4ca4_a87d_acdc62f436ce.BIN
a1b1636c-7025-4966-9ac2-83ed4929a4e0	_Art1_RTF	501437dd_8c8a_4932_a7ec_7efdad89d126.BIN
17bd7399-8996-4023-8089-32da5404e07e	_Art1_RTF	6fa6a5c8_b45d_4e53_bd6b_565dbe0ec21f.BIN
3baae140-0190-4df9-85f9-98e2edd49915	_Art1_RTF	1692199b_11c9_4a60_b59b_cebb4e176393.BIN
5bc032a0-b984-48ba-a6d4-1d3fe6cbb09b	_Art1_RTF	1a7e8a38_0420_4b16_9cb6_184973fca151.BIN
7c001975-8ce7-42da-9206-2a1afcbc4cf2	_Art1_RTF	5cf4a302_2fa4_4b16_b2e7_e3d7d7f86876.BIN
b1a38f94-f58f-4b4d-9ba6-720537b2a8d3	_Art1_RTF	e4b5997e_0351_4750_8c98_612e70989cdc.BIN
54506b3a-c988-450a-be2c-1ec27b0cb4a3	_Art1_RTF	c2a23333_51f3_4c1f_bc57_25793f1a843e.BIN
5f0342b1-59ad-44ec-92d0-0b36c6d1a598	_Art1_RTF	76c3d6d5_fd19_400e_8256_742d9b1aef22.BIN
913c295d-94c3-41ab-baee-5efb35032a81	_Art1_RTF	099bf555_4d90_4936_9b23_5384c569e610.BIN
a5e7f551-977d-4e78-9af8-5ee212e7eb05	_Art1_RTF	b4490ebd_c2f0_466b_885e_f032f6fcc9cc.BIN
1f219453-92ab-46ae-8119-6536e8874dfa	_Art1_RTF	2787e1f4_076c_4d35_9660_6d9c683a3c02.BIN
0b9610d2-2b0c-4c6f-9e31-74d1f3a12841	_Art1_RTF	755a0c86_2bfd_4de3_bbbc_65154675e16a.BIN
a3d82c93-af4f-4cec-bcc9-5f28f269d251	_Art1_RTF	1e731f17_061e_4640_ab45_f5f3999edd0d.BIN
b29e8ecc-d913-4d8f-91cf-f8a1f36a1ce9	_Art1_RTF	2129193d_cd2a_4434_9742_cff8b5264c41.BIN
784c9e1e-d03e-452b-aa11-ecfe0685ad7e	_Art1_RTF	24bfab41_a784_4cf9_abb5_0e8588dd3dcd.BIN
23fa9f40-4bdc-4d1c-8071-62f357ef2c59	_Art1_RTF	85d95098_d286_4768_ae86_8c2c302f7994.BIN
c8b8fdf8-7135-42fd-9746-70c495359d27	_Art1_RTF	ba57a46f_3c09_470d_8a64_f6f8b0749802.BIN
5cb1fa35-5517-4409-bbad-0dd3dd7f6c3a	_Art1_RTF	46fa4c9a_f840_4435_8024_921531580cc7.BIN
67bbdc38-ad90-4957-91f1-a84556d3065c	_Art1_RTF	c09f1203_6bcc_4624_9388_0729352db7d7.BIN
b2c027f6-611d-421b-9058-590bd032cbb1	_Art1_RTF	61f7f5d1_ec24_4db2_9836_fe4103a65dd3.BIN
384b6fc4-8ba2-4272-8607-f717ac8b0f5b	_Art1_RTF	bc50fd68_37c1_4381_8093_60c448b40a20.BIN
1ff94a49-3db4-44a5-a601-7af94b53bf96	_Art1_RTF	9d03034a_37d2_45eb_8dff_be3c81204399.BIN
7ef88e87-3ff4-468e-8109-a1999612d035	_Art1_Icon	cc4cab3b_5b2f_418c_8bf4_665005be5e3d.BIN
6c4a2168-0846-4b56-ae74-146a17bd3268	_Art1_RTF	59d62da0_e21b_42d5_801d_3b3f153aa6bc.BIN
b5793405-6bbe-420a-99e4-e1c55992bfac	_Art1_RTF	93c96538_01e4_49bd_a4c8_efc540920afc.BIN
57cdcd58-f85a-4c2e-980d-24235508b63a	_Art1_RTF	f6dcb6d4_dce4_4f71_8e21_ea88ba470dba.BIN
8a8aedbc-b6b7-4704-9e32-5c57fc444298	_Art1_Icon	c8001aaf_8f3e_4da5_9532_36a840918d84.BIN
9b47fd56-a83d-4097-8827-87305fdad5bb	_Art1_RTF	83bc1253_c4cd_4180_9194_6ec09851aa6e.BIN
9a7c4a89-4466-420c-bbf0-ed3cfb44a3b2	_Art1_RTF	125e2435_f144_4880_8628_8c0272e6a457.BIN
2cf447ca-2d4f-43c6-bedb-a42a9837532e	_Art1_RTF	66a2fd26_80ae_490e_ba6a_9e45e7e03ea2.BIN
35972ff1-2091-4696-9d03-3027b9ed910a	_Art1_RTF	f69b96c4_2200_40f7_a871_5b688e760482.BIN
e19bce5c-db14-4755-abdb-e43289460194	_Art1_RTF	97847c68_8ede_4ecd_b8dc_04d877c6c055.BIN
a5f601b0-d33d-42f4-af68-1f90f3d3a15b	_Art1_RTF	793582ed_e700_47a2_a3c2_cec19b850495.BIN
c3541a1b-025d-4072-b8ab-1d9fa0f0e9a5	_Art1_RTF	ff72978f_656f_4902_ade4_feb766710af8.BIN
c2163ce7-5d1b-4c9f-9219-2ce946a21fc7	_Art1_RTF	46028c38_4a4f_4ad4_80bb_8ab8a0e64cac.BIN
de259b56-3608-45d8-a250-92ed1a61c5b1	_Art1_Icon	0d2f12e0_2c2c_43b4_bcfe_c14b6ba0461b.BIN
5339ed09-9d81-49e4-b63a-485202a73265	_Art1_RTF	03240f15_2dc8_4d85_bf16_924793bc59ff.BIN
a15a423c-6aee-4564-a886-6af56bf5df0f	_Art1_RTF	298dd08b_bc7c_4625_b375_cc2e6e25657a.BIN
df2fa150-4c34-4a73-805d-52834522923e	_Art1_RTF	dadf3d94_0bd0_4fd5_ba16_b901bfcf216b.BIN
f6e8aac8-6edf-4160-9931-b0d02d58bd71	_Art1_RTF	7bf5a1b3_1961_43ac_a148_3dcca3c172c3.BIN
83432198-226c-4422-a78f-f829dd769bbb	_Art1_RTF	d43c5bce_4888_4bc4_8d8d_eec069c64f69.BIN
1ce265a5-fda0-4661-adc5-b71f701365f6	_Art1_RTF	fee82c7a_61d0_4e80_aa86_6f38bb8ff65d.BIN
8e640194-7f75-4ce8-9ae8-4d3ed49193b9	_ArtX_ADDITIONALBROWSINGMODELITEMTYPES	10dedbf2_0b71_443f_85b9_87fdc2819ecb.BIN
8e640194-7f75-4ce8-9ae8-4d3ed49193b9	_ArtX_PROFILEHELPERASSEMBLYFILE	b17be221_249c_4398_b8e5_b6ca0ff8929e.BIN
8e640194-7f75-4ce8-9ae8-4d3ed49193b9	_ArtX_PROFILEHELPERHELPFILE	a0288681_4dfa_4351_9507_42d6e649e462.BIN
8e640194-7f75-4ce8-9ae8-4d3ed49193b9	_ArtX_PROFILEHELPERHELPTOPICPREFIX	7437274b_6700_44f3_b53e_61f6a3e27762.BIN
d779075a-cb88-40bc-afa5-7992c9e5c6cf	_Art1_RTF	cf838dda_0858_437e_abea_9759c1c48cff.BIN
8e7e6f4f-4fd9-4dc3-9b5c-f9383a6c106d	_Art1_Icon	78dfa1b7_11df_42ce_8c33_fadb723e3cb6.BIN
8df54e48-44f8-4dbb-bf60-db4016907370	_Art1_ScriptText	bf452338_7ed7_4812_8f92_645c4ebfee29.BIN
8df54e48-44f8-4dbb-bf60-db4016907370	_Art1_Icon	fd00c9ae_2bcd_4e4d_ada0_0982499f6ab3.BIN
6207768c-ffc9-4e72-981d-661b69444334	_Art1_ScriptText	ed1f9770_08a9_4ef7_92ea_7796b3cdbbfa.BIN
6207768c-ffc9-4e72-981d-661b69444334	_Art1_Icon	5bf89645_4146_4525_bd29_46801b496648.BIN
5df848ad-6ef5-491b-949f-fa52fa3fa427	_Art1_ScriptText	d5744946_07e3_472e_8bde_0e268bc03f48.BIN
5df848ad-6ef5-491b-949f-fa52fa3fa427	_Art1_Icon	5644e206_ce76_432c_a6f8_0ad2e9cd13a6.BIN
40eaba39-31ba-4db9-9b1e-65392af831db	_Art1_ScriptText	049016d7_6436_4356_95ec_cc13765f8b70.BIN
40eaba39-31ba-4db9-9b1e-65392af831db	_Art1_Icon	2234af79_06d2_4360_8c37_47d1d6b27120.BIN
95e5c3bc-0036-4741-ab7e-706131baaaa4	_Art1_ScriptText	6e286e5a_a5fa_40c3_b1f6_e993b37b1785.BIN
95e5c3bc-0036-4741-ab7e-706131baaaa4	_Art1_Icon	907d96d1_90ab_480d_8ee8_aecd3d939bd5.BIN
b168895c-0363-4a11-9f55-88b3c693cf7b	_Art1_ScriptText	012ce124_cdf8_499b_8015_a7eddcd1bdbf.BIN
b168895c-0363-4a11-9f55-88b3c693cf7b	_Art1_Icon	8ead3a4e_13ad_4e66_af9f_431d7c136c86.BIN
72c60043-e1fc-4ecf-b462-fc22bff7f795	_Art1_ScriptText	c3d8a609_0fc5_4561_b4f2_d4ab6ca95855.BIN
72c60043-e1fc-4ecf-b462-fc22bff7f795	_Art1_Icon	6e595a2e_95f4_4b6c_9d58_871e772a6a35.BIN
f75e3ac7-859e-45c1-85af-168ab46b1f78	_Art1_ScriptText	1ed14173_c346_4950_90db_ee821074c4de.BIN
f75e3ac7-859e-45c1-85af-168ab46b1f78	_Art1_Icon	8c8f3580_2e00_437e_8e8e_f98981cf3634.BIN
0f3e8b7c-5640-496e-bf28-b0c4a2c64a75	_Art1_RTF	e77fae02_1906_4442_821e_adf806ff7fcc.BIN
8fd37e5d-906c-4250-9dad-13caa1f38a0a	_Art1_RTF	6aede8a0_30be_465f_bbc0_f227cd6b29c2.BIN
709d319c-4562-459f-bbcd-0b3adf4fdf60	_Art1_RTF	5c7d401b_68d5_4ae0_a0b9_6f2e14d16107.BIN
8fb00128-0e45-4930-a8e0-9757d29b822c	_Art1_RTF	fba799f6_dc40_4593_9052_0b747695de47.BIN
306c0c92-4c99-40c4-9d78-f8c890d7dcc0	_Art1_RTF	e9a64830_fb96_484e_88f8_af0806f117a4.BIN
940b561f-be24-4b96-b636-602d1cee4c4b	_Art1_RTF	6ab83d38_3ca0_4951_9ef0_956fb0bb7ec1.BIN
918a321c-57a0-4215-9f62-49d394a39bc4	_Art1_RTF	71495a23_8a23_48cb_8721_c5c32ac3a9fc.BIN
2182437d-f793-476a-970b-0bbd7acbdff9	_Art1_RTF	5c2e5303_fec6_4ce5_a20b_065865f47f51.BIN
670fe78c-57eb-4515-b3dc-dd729e1472e8	_Art1_RTF	d8751e32_4cba_4f98_a286_5fb28938c215.BIN
8ae772cf-e8d2-4ce9-8ba9-ea80db7a6945	_Art1_RTF	4e2a69f8_7c22_42ca_9b02_0f8ec7627626.BIN
cebef961-551a-4124-9923-3a50240b2b0a	_Art1_Icon	04240842_2cfa_4541_83f0_37ae3c7dd1cb.BIN
cba00866-7824-4dd2-9fb7-2167ed98bafe	_Art1_RTF	108e23f8_827a_4de4_b78d_2327fe5fa360.BIN
e81b19fa-c0f7-4bdb-9a53-d2ac3bbfa716	_Art1_RTF	276957a0_e1d5_4f96_be39_7c2c612206f9.BIN
bbefe852-610b-4db1-8e80-e83c1e478892	_Art1_RTF	403a2902_1bb1_4c09_b03e_8372bb87836b.BIN
63b468ae-9130-438e-b206-dcc8f2251021	_Art1_RTF	695ed5cf_f365_4a7a_9302_ad8b796fedf8.BIN
fa73de85-519b-4d66-95aa-981b13c49b21	_Art1_Icon	74dbb24a_3751_46e1_b9b6_90884613fe08.BIN
6557e742-c73c-4b25-a78d-3414336abbb3	_Art1_Icon	22268e03_5f39_4896_9004_f4263eec6f40.BIN
a58f9772-76cc-459e-98ca-e933526acaad	_Art1_Icon	13d87838_f4c5_4a18_8e92_82178c6077e5.BIN
9f340a35-7b49-4646-a495-2214fb8c3565	_Art1_RTF	ce69988e_2e32_48d2_9d67_6b9a1e6e532d.BIN
c67bfb28-8733-4b5a-b4cf-4d68c33de590	_Art1_Icon	e70c490c_fe57_4d6f_a87e_289f0d8f4e4d.BIN
23d44b5f-7bbb-449f-a6c5-d7edf469b55c	_Art1_RTF	8a9d5fe1_4e58_440c_a9db_09e1d92f6472.BIN
887828e0-8ecb-456f-9079-56e5351b8a5e	_Art1_Icon	2bcdcace_1019_47b1_836e_6086099d562d.BIN
b19622a5-c775-417f-a35a-f67912c1a7a4	_Art1_ScriptText	66dd0b82_f718_4ecb_b774_8d116655170a.BIN
1075eaba-f85e-4f5a-9284-87be3125a310	_Art1_ScriptText	ea2d42ef_a203_4ead_bf52_782b08c9ccba.BIN
964668e8-f8e3-40cf-8dd5-1d51d7b03289	_Art1_Icon	36224014_a5b2_451b_8c87_4b771a77ba0c.BIN
abeaaf47-78fc-4e68-81fd-a4337a003092	_Art1_Icon	84654208_4835_471f_880f_cbbe9f0bb376.BIN
4ee2afa7-a7c9-4493-b0ae-e34dc912573b	_Art1_RTF	164c9601_2695_43a7_99ca_666d0e73e750.BIN
aaea513a-3d09-4fa2-81b7-acedcb58cf36	_Art1_Icon	e4069335_7d3c_43a2_bbe5_603ec067e98b.BIN
1265017f-6ebf-4132-91d8-0eeed6f4a5ad	_Art1_Icon	ca246739_0555_4ce9_9f89_33973f8dd994.BIN
943ffb7a-058e-4a47-b0b7-624a48e3ad17	_Art1_Icon	76b9f3db_e97c_4852_9659_4de8a1ab2041.BIN
b8807ec5-99e8-42e3-acfe-99fde322e3d3	_Art1_RTF	258283a8_dbc3_4b01_97a6_d929911e8750.BIN
e2954b2f-ff27-437b-95de-353d64c7bf62	_Art1_Icon	0e194aba_ea0b_4d88_8fc6_9dbf7a03e31d.BIN
c8fbc5cf-c768-425e-b822-854ef7f96a68	_Art1_RTF	c9d2b5e6_a0f8_43cb_bc20_5be44eaaca0a.BIN
26ad4303-cee1-4b41-ba63-75a2975a73d9	_Art1_Icon	18e84bf2_2c25_45f8_b88e_3c593c9907d1.BIN
b398f242-4430-40af-9ff9-c9bac7ce05da	_Art1_Icon	48f76612_dd0c_497a_9033_b6ff9076a203.BIN
7bc42bc1-56ac-4e14-995c-f30ca41cab3e	_Art1_Icon	bb761f49_08f9_4886_bc8b_6fbd3d390ff2.BIN
cf2fd525-79ad-46e6-ba28-6337cd07e4cd	_Art1_Icon	0bababe8_6745_42f3_98dc_cfe6277be2a9.BIN
1c1a631e-1060-4b5b-b627-5848cc96841e	_Art1_Icon	9afc3f7b_304b_4877_ad77_fbd184301b9d.BIN
b08e7495-a30a-4e87-877f-90570c843700	_Art1_Icon	3bd4979e_876c_4d84_95fb_33a7f847121f.BIN
8f3dd2c5-dec5-47bf-9287-93f5df7b315d	_Art1_Icon	d3d1987d_eb77_4308_9f21_02c03947c208.BIN
c99c2c5a-2770-425e-ac1a-e013e65e9377	_Art1_RTF	b74395d6_a47c_40fd_90a8_624235b13117.BIN
f74442d5-002d-4b5a-869c-ace6fd514f20	_Art1_Icon	8306d014_951d_4ebd_b04c_7a679b99e278.BIN
9b2ae45d-fec5-4f7b-900d-84b7c2ad7050	_Art1_ScriptText	a688f62b_6933_45da_a4f2_a2a5315b5ed5.BIN
944ea2c5-9d8c-4279-9fe5-66f60841b21c	_Art1_ScriptText	69c85c8b_a2ac_4509_91a4_d56f2613bb8f.BIN
1db8dbad-2b26-43e5-8871-82559fbd6f49	_Art1_ScriptText	347be9ba_144f_4c96_8cae_36acee951ef4.BIN
ff0468d8-2684-449c-8ae7-07ab5eb6db21	_Art1_ScriptText	baebe0db_2684_456d_bde0_41492fc979f4.BIN
e2f32855-92f6-4523-8431-f92b08a7d574	_Art1_ScriptText	5623bd81_514e_4fdb_8933_b6692b87973a.BIN
4182c81d-42f6-48fb-83bf-b00377266ac5	_Art1_ScriptText	61c004b0_9c04_49d8_bc67_499442d4a6b5.BIN
e571ac6a-456a-4386-9c8b-9e9ac05e705d	_Art1_ScriptText	695420b3_38e5_4bf8_b47b_dbabbbfb7dd7.BIN
2e307bcf-ece1-44e9-ac2c-f254260ad0a6	_Art1_ScriptText	868b666d_3a7e_4507_b912_f5a0df3bfb6d.BIN
cc7eac58-c3da-4a96-a0ed-409183accd60	_Art1_ScriptText	bbd6a9ff_9c3b_4582_bc95_c94897d6b19d.BIN
cc7eac58-c3da-4a96-a0ed-409183accd60	_Art1_Icon	db1e9c86_bf35_4206_856b_7deda7cc0393.BIN
c1ece87e-a14b-48bb-a8eb-5ed14cef512a	_Art1_ScriptText	a1c48aee_d7a6_4e80_9312_69f4d278f445.BIN
c1ece87e-a14b-48bb-a8eb-5ed14cef512a	_Art1_Icon	e2298de4_3111_4858_bebd_56c9c82f7c21.BIN
ac0f3221-dfa0-4793-a3be-2d498e2c8c58	_Art1_ScriptText	a9321b6e_8aa7_4482_8da5_e48d36c3f05f.BIN
ac0f3221-dfa0-4793-a3be-2d498e2c8c58	_Art1_Icon	2a402789_5c79_4f36_92bf_b44499a15a45.BIN
b684bc90-d1bf-45eb-8239-26ff62a90653	_Art1_ScriptText	8c2b3651_04cf_4724_b737_d3adfc806c4d.BIN
b684bc90-d1bf-45eb-8239-26ff62a90653	_Art1_Icon	57033280_07d7_4041_b020_e9e50c91e450.BIN
390aaca6-6571-4277-917d-73f85402f51d	_Art1_ScriptText	b64dbae5_b4fd_47c8_b3ad_034ed665e14d.BIN
fa8c26a2-77a8-4ba9-a140-e1cf065d6902	_Art1_ScriptText	8ff62b5d_aa60_4a1c_9abf_59aae52ee8ec.BIN
fa8c26a2-77a8-4ba9-a140-e1cf065d6902	_Art1_Icon	5bbf8f01_2a96_4afb_a074_5b658cad2949.BIN
9ba59caf-e727-4b40-a93c-cb6232d155f0	_Art1_ScriptText	1e11af96_4010_473f_aa92_456f14246148.BIN
c12cd12b-8fa3-4b81-a1d9-bd2780dea7f9	_Art1_ScriptText	220dfc5c_9ef9_4c1c_a606_52e1392d84d3.BIN
c12cd12b-8fa3-4b81-a1d9-bd2780dea7f9	_Art1_Icon	fcfa8a23_1a3a_491e_bd35_a88175972593.BIN
3ed92113-8e57-4653-890d-0a7fa18048bf	_Art1_ScriptText	dc1f6ce4_147c_4f7f_9eab_17944e58dd4d.BIN
62d02b61-14e0-4979-8930-c874b00c4562	_Art1_ScriptText	5ca8b79a_8453_4102_8861_c458a27b5637.BIN
62d02b61-14e0-4979-8930-c874b00c4562	_Art1_Icon	46f26564_001b_4277_9736_5bdf55b657f4.BIN
711c56a7-1c00-4910-91f6-15df2b328630	_Art1_ScriptText	4ac0f2ac_67c7_4e9e_93d0_790ebf19d8ce.BIN
711c56a7-1c00-4910-91f6-15df2b328630	_Art1_Icon	ae9d6487_db34_4c27_b8a7_31e2a042b5ac.BIN
a586328e-6af4-4525-b7d2-39a37591076c	_Art1_ScriptText	ec2b1923_330b_4bc7_b6d1_8b4bcd7ee43e.BIN
a586328e-6af4-4525-b7d2-39a37591076c	_Art1_Icon	8dfcd2e9_ce6f_49dd_b649_a78b02c97f5d.BIN
912af636-040c-4888-9656-6a38b173e326	_Art1_ScriptText	a08aa14a_5fc8_402a_940f_d0f3ca3bb6a5.BIN
912af636-040c-4888-9656-6a38b173e326	_Art1_Icon	21b30669_22c2_4379_91af_8f6b4fb794a8.BIN
9721b71a-2584-4c56-89e9-b343fe8845a5	_Art1_ScriptText	c5ca9f9f_9b5d_4bbb_86a7_20244bc582db.BIN
9721b71a-2584-4c56-89e9-b343fe8845a5	_Art1_Icon	e2b4fc6e_00e7_4ab8_ac75_0ef875a27f03.BIN
74ef8804-871b-4b4f-b9e3-2df0f5b52b01	_Art1_ScriptText	c892fe19_d736_4906_b774_c20323f52cc7.BIN
74ef8804-871b-4b4f-b9e3-2df0f5b52b01	_Art1_Icon	1b31c4c8_118a_4c3a_8a8f_46ffbaf6ab2f.BIN
d034c0dc-bef9-4883-8559-1c54d07afb7d	_Art1_ScriptText	c5c8b27a_7391_47f7_bbd0_e4d756f2b351.BIN
7e39db14-3f2c-4cb0-b21f-1ff74517bcf1	_Art1_ScriptText	089667d4_df82_46ea_85dc_23ece5b248c2.BIN
7e39db14-3f2c-4cb0-b21f-1ff74517bcf1	_Art1_Icon	012fbd81_1d5e_4b9b_b0d6_e597d4cb71c1.BIN
9749ec55-152a-48a7-95a7-6ce1ddbc232f	_Art1_ScriptText	d8c80855_1faf_4d99_86c6_ddf11b35cc88.BIN
9749ec55-152a-48a7-95a7-6ce1ddbc232f	_Art1_Icon	dfed736c_83c5_4086_ae9d_c0e124d662a0.BIN
1d00d139-1e94-4c46-ba4b-810bee7aa79e	_Art1_ScriptText	daf8c4dd_bf19_44ae_9f73_8c2c554cd010.BIN
1d00d139-1e94-4c46-ba4b-810bee7aa79e	_Art1_Icon	10ffc984_c359_4382_bb77_27a34d7d89c5.BIN
cf850a0a-84c3-431c-84ea-04a075b037cc	_Art1_ScriptText	ee79cd69_2dee_4e79_a0a8_c58b55b0bc22.BIN
ea3906a2-47a5-4aed-9f13-f4324df2844e	_Art1_ScriptText	f90743fb_9e9f_4838_a051_21a6f9f25265.BIN
ea3906a2-47a5-4aed-9f13-f4324df2844e	_Art1_Icon	83a6e4f9_9d5c_437c_a0f6_947bfacdd575.BIN
5773412d-07d4-482a-b68d-962b800c221b	_Art1_ScriptText	2aa5ba1a_76fb_49d4_863b_3eb0457876b9.BIN
5773412d-07d4-482a-b68d-962b800c221b	_Art1_Icon	aa8b9701_849b_4687_9bdd_e4d44b7db7be.BIN
91cfd578-4222-4433-9594-153ff25f8037	_Art1_ScriptText	52480977_d69b_4d6e_8e87_c2c2b82f099a.BIN
91cfd578-4222-4433-9594-153ff25f8037	_Art1_Icon	d652fcf8_15ad_4315_9a77_58d05d01f4f5.BIN
e25aded8-d347-4ddd-baa2-45bd5c3a2e90	_Art1_ScriptText	398ccfc5_2986_4347_b980_ae32d5d71feb.BIN
e25aded8-d347-4ddd-baa2-45bd5c3a2e90	_Art1_Icon	f6f969a5_ebae_4efb_ad74_a250a49a550d.BIN
e296c532-0e67-4744-a809-23d959fedcd5	_Art1_ScriptText	db4ca208_f491_4653_9ca0_1007720a8f1f.BIN
e296c532-0e67-4744-a809-23d959fedcd5	_Art1_Icon	1559112b_8dee_40a2_90e5_c5c7ff374eef.BIN
e8e10862-3497-4011-b995-8982b8db655b	_Art1_ScriptText	c729cde1_9907_4d67_b2b5_e26c8cc5bbf3.BIN
510c1535-1d43-4878-b6cb-2222ca022ee4	_Art1_ScriptText	6f1d5472_8f00_4814_bac4_73a9c024bd98.BIN
510c1535-1d43-4878-b6cb-2222ca022ee4	_Art1_Icon	d23c01f5_33af_4601_aeb8_001ba4e74069.BIN
268c7122-8849-48b6-a967-eca6e8bb1da7	_Art1_ScriptText	202f3995_104f_4117_a307_8ab0893697b2.BIN
93d4f548-456e-4a29-97e3-27fd5e8e67c2	_Art1_ScriptText	2f22cfd5_9418_4bf0_9ba9_5379b89fcdc0.BIN
958a2cd5-85b7-42df-b592-e0a1cd085e4c	_Art1_ScriptText	e364ed65_ed26_4b37_afbd_5f9b350d0cd3.BIN
73359593-f2ad-4ce4-86b2-28ef74a5ae1d	_Art1_ScriptText	27a61671_ecd2_4d96_b3f6_a47a5478a01a.BIN
8b2d12fa-848a-43a8-a829-d4ed103db377	_Art1_ScriptText	448a51d3_3056_457f_ad4a_d958d6ecd4fa.BIN
dac57ae3-9fb1-48fa-8b5d-cab59219de12	_Art1_ScriptText	74c825f8_52c0_4b30_807f_0a25e402ec06.BIN
05ca0ea6-2b68-431b-8d51-9c77824932ec	_Art1_ScriptText	ecdef3a8_a0c1_4fc1_a3dd_e3fc0e976788.BIN
15b08e47-b8a0-493f-adb6-372f60d17fcf	_Art1_ScriptText	c8eedd16_ab65_498c_825e_9b821cd204db.BIN
f309ec97-1ea5-4cf1-ba36-2f045af241bb	_Art1_ScriptText	ffc6bd07_1d29_4842_adf9_5b519fbe3389.BIN
bbe3ba08-f116-4c9e-b3e9-9ee1adfc7eb7	_Art1_ScriptText	ffc29cf1_06da_4439_93cb_3c0e954a5cdf.BIN
41fb15ef-9c1f-40ca-b8bf-892b3753dd65	_Art1_ScriptText	a70ac75b_d541_4f6a_8521_8d5a5ce78435.BIN
4edc0588-5478-4c27-95ee-6b62998f0023	_Art1_ScriptText	ee4dc12f_f956_4ae6_8297_54bd245163e5.BIN
95f9c6bc-1119-4bde-ae60-65af5edef4a4	_Art1_ScriptText	bc910c46_2257_455d_8aa3_53d97633d41e.BIN
a3f3ffbc-e6b0-4868-a303-5dfb8eb34055	_Art1_ScriptText	2af1888e_8746_4257_a2ab_d50aa66f2920.BIN
a3294970-d5f2-47ad-ab86-2407d5027b2a	_Art1_ScriptText	7d9377d7_0fd7_4922_af9c_b4c989968140.BIN
a3294970-d5f2-47ad-ab86-2407d5027b2a	_Art1_Icon	ae75a860_cc06_4de2_a04e_b164b892773f.BIN
8c516d0f-cb59-4372-a638-491819cdd706	_Art1_ScriptText	974cc4bc_c7a5_4ea0_ad51_47744061a2a4.BIN
8c516d0f-cb59-4372-a638-491819cdd706	_Art1_Icon	d36f1af8_129d_4391_a9f3_1a9e60bb6a62.BIN
e6751c60-2aa6-4b57-9ac4-e8f3da8f85e4	_Art1_ScriptText	b99bfb16_49d6_45ea_9bba_381a3e96a433.BIN
e6751c60-2aa6-4b57-9ac4-e8f3da8f85e4	_Art1_Icon	faf8484f_b4d9_49c7_9461_9571f83ca960.BIN
684a73f7-7e25-4eb2-b0e2-cc5d8cc34531	_Art1_Icon	6da54546_2358_476b_bfc4_44aa5ab879e4.BIN
364994d4-2024-4e88-8018-49243595a06e	_Art1_ScriptText	e8a506ae_03eb_4688_adfa_0c0301e1e0e8.BIN
bb32d9cc-18a9-4361-bdbe-7aafa71d532e	_Art1_ScriptText	1489c1e6_b523_4f7e_86eb_d2e1af897747.BIN
8fdfc1fe-757e-4aec-bab8-646584df01a9	_Art1_ScriptText	f1120508_048b_4770_be58_680267668c68.BIN
8f496159-cc53-4881-ae84-0403c7ac03e5	_Art1_ScriptText	38ddd306_64b9_424d_95a7_29cbe1d77f58.BIN
08eefa3d-5cf1-4123-ac71-7e151d39a815	_Art1_ScriptText	697e0e73_4e85_4ccf_9a4d_4803c011dea5.BIN
f628011f-6358-4f06-bf2a-e1891da8e2be	_Art1_ScriptText	5777de7f_70a7_4396_8b3c_9e0fd52b6872.BIN
eb7daca0-9345-4774-96e9-f3c450b3c474	_Art1_ScriptText	f42aa3c0_d06d_4aa2_a84c_b1b7f4464c9d.BIN
eb7daca0-9345-4774-96e9-f3c450b3c474	_Art1_Icon	883bbc0c_1e36_407a_af7c_cc9b6c8499c6.BIN
26a5c717-6875-4bd3-bdad-ebc3c92c4911	_Art1_ScriptText	f5b912d8_7ddb_4b87_b5a3_7bba1c2f7956.BIN
26a5c717-6875-4bd3-bdad-ebc3c92c4911	_Art1_Icon	200522f2_f549_4c25_9ec8_522bdb08eed1.BIN
41a0b7dd-c2eb-41d1-bb0e-2d3fc5484d6e	_Art1_ScriptText	6079d12c_b67e_4d02_afc4_d8f5ae7ba7de.BIN
41a0b7dd-c2eb-41d1-bb0e-2d3fc5484d6e	_Art1_Icon	d2112a29_0915_4071_b1a0_1f5fc9533675.BIN
0027e34e-e042-41a4-a7ec-0cf56df12857	_Art1_ScriptText	4aaf86d9_20a7_4c5b_94d5_6ba8db68eae6.BIN
0027e34e-e042-41a4-a7ec-0cf56df12857	_Art1_Icon	ebcd2d3a_153e_436c_8927_725f810fec34.BIN
e065a3b6-6045-422f-aeee-6139983f76fc	_Art1_ScriptText	6b295c4f_3b71_4c2b_9197_3477d31ff4ab.BIN
12e33014-bbdc-4812-974a-41d9ad595858	_Art1_ScriptText	ae38f3a4_3378_4468_940f_64fbaa5e3385.BIN
5931da2a-2b0b-4cf2-b738-f974901ec1b1	_Art1_ScriptText	d97a5d95_e736_48e5_bbe6_de88468711f8.BIN
57ab8a25-b3f1-4557-a6ec-9b03cc824df2	_Art1_ScriptText	37363d43_4308_45df_8b93_d9db540d2dd1.BIN
57ab8a25-b3f1-4557-a6ec-9b03cc824df2	_Art1_Icon	4d8ae1ae_0733_41d7_ae4a_46ee949d2a86.BIN
e2888594-d45f-4f4d-b707-6c369fef612d	_Art1_ScriptText	ca63f391_0234_4962_b546_2df1bdc481f2.BIN
e2888594-d45f-4f4d-b707-6c369fef612d	_Art1_Icon	85355398_4279_4e08_9b23_9540b0732e2c.BIN
06a0afdd-4ec3-4d6a-b9a7-1818fb73edca	_Art1_ScriptText	78dcc9f3_5c6b_41f7_b40f_604acbae0a26.BIN
06a0afdd-4ec3-4d6a-b9a7-1818fb73edca	_Art1_Icon	50a93fff_047f_40e7_9be4_c00be967caf3.BIN
7507f58c-9fc4-4728-95d1-01330a0f867d	_Art1_ScriptText	cfe7414c_3b8e_4210_86e4_84c2151832c0.BIN
7507f58c-9fc4-4728-95d1-01330a0f867d	_Art1_Icon	c4ce891a_fc05_4313_be8f_b6b58a0b7d48.BIN
b05bcc02-938c-46da-a5a9-f6c5ec64f72d	_Art1_ScriptText	613879b9_943b_4a4e_909d_7ff5bc3e9b1c.BIN
b05bcc02-938c-46da-a5a9-f6c5ec64f72d	_Art1_Icon	ec9b2f7d_01ea_4efa_9228_72c946763bf5.BIN
0c13dfa3-0da5-4c68-ad68-615fbdbd3594	_Art1_ScriptText	6a847b68_55ae_4675_b23b_51eb64c589ba.BIN
0c13dfa3-0da5-4c68-ad68-615fbdbd3594	_Art1_Icon	4fe48e2e_9969_4d78_b0d1_8b9982145a32.BIN
3e6a2280-d670-4f6d-94a0-d2a1a46ee33d	_Art1_ScriptText	a5f51f2f_90a2_4529_b4cc_29853dfcdff1.BIN
3e6a2280-d670-4f6d-94a0-d2a1a46ee33d	_Art1_Icon	6d23a6a0_e13d_4aa8_84bd_047acbe94dd9.BIN
208dc73a-19db-4585-917a-dc063a104b0d	_Art1_ScriptText	e024d073_da98_4669_85c0_08a55803bbad.BIN
208dc73a-19db-4585-917a-dc063a104b0d	_Art1_Icon	f17a7c43_1d3c_4005_a15f_48552fca0c0d.BIN
a5e2a879-1c78-43b4-8948-170cd74bf71d	_Art1_ScriptText	792347fd_43d2_4368_8422_9ae33adbb8cf.BIN
e7bce312-37d5-4e6e-b3c2-d2be638eab3e	_Art1_ScriptText	0e14793a_a8d3_4ba6_801d_868b00d50c3e.BIN
993c8108-a1fb-4666-8ce3-417128bd5b42	_Art1_ScriptText	22b812bc_7230_43aa_9e5a_3565222a3a84.BIN
24808f68-9ec0-4650-b399-f7eac429dbfa	_Art1_ScriptText	aaeafcfb_e5a3_4f91_aedd_1886c425ad73.BIN
14120c06-80e8-418f-8afb-72768992b98c	_Art1_ScriptText	9a343c61_3329_47be_b4de_a8d88405bbde.BIN
14120c06-80e8-418f-8afb-72768992b98c	_Art1_Icon	7a637cd9_808d_4306_bc65_18424f5b490c.BIN
55519b56-5c9d-42b7-84eb-1991aa6f9f17	_Art1_Icon	9d5cebf1_e52a_4217_b277_62aeecc2e6a6.BIN
37b74319-0df7-4459-af54-fa6128ccb5ca	_Art1_RTF	25762bb1_9ccc_40fc_acaa_a1c78ae5b741.BIN
faf8c3d7-f567-4d47-9593-5217bbdb730d	_Art1_RTF	1ae55c40_2f0f_45be_be94_6823b6340ec1.BIN
04a519f9-5d5a-4087-b7a0-d9c6f70a5b68	_Art1_ScriptText	2014c018_7044_42fc_bb84_fcdf2fa0ccee.BIN
f721896f-d067-46ff-b4d6-c9bb94693b48	_Art1_ScriptText	058546a1_9635_4e64_8d1b_401b2c023361.BIN
ae4d67f2-c378-465a-9f33-5fb0169c31e6	_Art1_ScriptText	cf2c2717_adb7_4578_8374_e66c6f31746f.BIN
5cd6ff46-dcb7-4ad6-9ab7-df7f364b65a8	_Art1_ScriptText	9d2447eb_04e0_4bb6_8bb1_eebcba68676d.BIN
a89a4c4c-c731-4221-bfca-36084e4f031e	_Art1_ScriptText	03e764a7_2fb5_4020_9ab5_6abb35d4236f.BIN
1e060f43-e692-4442-b30b-d7b80d76115c	_Art1_ScriptText	6cf74cdd_9e8c_4c08_8360_6ab120bcfeec.BIN
21205be8-13fd-4eec-bd75-290062dd0e55	_Art1_ScriptText	3c54ddf7_b2dc_4f9f_9a00_882d806d821d.BIN
5df5f1c6-67bf-4520-8e58-218bbb8c5a51	_Art1_Icon	d8379b2d_74e2_4c5a_a3fc_af7602c26af1.BIN
c82b81ae-3924-438a-99d0-5fca2256c900	_Art1_Icon	a43a34d1_f748_438e_b319_42a9a3fdfe3d.BIN
cd1f3a97-1c18-4fd6-84f6-9ccab013940b	_Art1_Icon	d3015b3e_50c9_4604_a21d_7b7c262a9fc1.BIN
24cadd5f-4015-4762-96d7-6b1e2a2894e1	_Art1_ScriptText	ac8f93f6_4a3c_4593_9c5a_6750013ccaba.BIN
0d8c89e2-0415-47c0-aba4-2a150ac0213e	_Art1_WindowsMetaFile	ade2ace8_bff5_414d_b0f0_508063711b30.BIN
0d8c89e2-0415-47c0-aba4-2a150ac0213e	_Art1_Icon	7413a953_4fba_440e_92bd_9202c1ec6620.BIN
a4513e14-cbc5-48f1-ae81-705b23482f32	_Art1_Icon	d956a7d3_74fe_46a9_9509_1b3751cb284c.BIN
e406b475-eb51-4501-9b2a-fd3ea69dfa92	_Art1_ScriptText	a4df4102_f4a0_481e_8af3_adb272ff767e.BIN
6a12f966-d5a2-40af-8784-375c07e6148e	_Art1_ScriptText	094066dd_7ec9_41fc_a595_b646c6535b7e.BIN
f2b4188d-a5be-4d13-b448-8fa195ba6999	_Art1_ScriptText	a375dc71_02be_432a_be02_d5f702777ef1.BIN
2bee9a9b-23e1-4979-bb2d-5a4562cc935e	_Art1_ScriptText	00745d63_fb7f_4a61_97e2_389d5bd71c22.BIN
3b20132a-ebe6-4131-90ea-c76de0447baa	_Art1_ScriptText	d3a3f3dc_77b8_4d74_997b_b6f8ae9aef43.BIN
649933ac-fb76-4490-9b46-ff7962b2b99d	_Art1_ScriptText	909dd053_0733_48d8_8a76_a36905e688e3.BIN
649933ac-fb76-4490-9b46-ff7962b2b99d	_Art1_Icon	b8441e08_fdbc_465e_b229_faf341066c00.BIN
eea6d608-4ca4-490c-a739-3e2ccfb7df6d	_Art1_ScriptText	5ed5ccb8_564b_4ed6_a208_dc12f9c7cb89.BIN
eea6d608-4ca4-490c-a739-3e2ccfb7df6d	_Art1_Icon	436adc84_16d0_4edd_8756_477cf81d47c5.BIN
ccb6133c-4147-4bb0-9deb-ed764377a7a9	_Art1_ScriptText	aca251e3_b9cf_489f_9d86_16860374dac9.BIN
ccb6133c-4147-4bb0-9deb-ed764377a7a9	_Art1_Icon	5a6d4a31_92bb_44fb_9fd7_6a5d69ee0692.BIN
bd950f20-6568-46af-8b09-adac570d2da7	_Art1_ScriptText	331445a1_68c9_4fe0_bdf7_b6fd80309fdb.BIN
bd950f20-6568-46af-8b09-adac570d2da7	_Art1_Icon	b334987b_aafb_4d3f_93bc_2f340a52ff0d.BIN
5b526590-4ad5-417c-b3af-39e97024a657	_Art1_ScriptText	44a7c31b_ea8f_4758_8078_3aa21f331f30.BIN
5b526590-4ad5-417c-b3af-39e97024a657	_Art1_Icon	2e92715e_e19f_4112_a710_cbfd77e1ea91.BIN
2cf1fbc1-ce25-43ef-99b5-48f35ed80b31	_Art1_Icon	561e983c_8c0b_444d_a00d_f0c1bb7a9b5e.BIN
deecbba7-ae7c-48c2-a70d-4e10e33cdf40	_Art1_WindowsMetaFile	f8e01248_bbe2_42a6_b395_986dca661a14.BIN
8795b812-1971-4c1c-b337-66d6a49050be	_Art1_RTF	eb74e514_f611_415e_ad6d_883604ddd1a2.BIN
e9b24df4-3da8-49ed-997a-f73a660e4676	_Art1_WindowsMetaFile	3114246a_dc11_46d8_8536_5591fa6d859c.BIN
4c86eae2-8545-471f-8756-ca15e5363b6a	_Art1_RTF	be3ffbaf_9196_42d6_87f9_6c13d514e2a9.BIN
63898413-193a-4d4a-bf85-595d61b03309	_Art1_ScriptText	694d772d_2bcd_4b49_ade5_9ef1955355f5.BIN
876d6b9a-9570-4d3c-9444-93bb5cfa4a03	_Art1_ScriptText	092eecb0_ebe7_4687_9597_56ae61c4e330.BIN
4890d9cd-1cb2-4d89-97c7-60aacb327293	_Art1_ScriptText	dfb99872_3182_480e_a0b2_ae42d35b6625.BIN
eb7b3a20-bb5f-421f-b628-deb818c819ec	_Art1_Icon	d87a2e2f_5efd_428b_b3a6_3386d6dceb86.BIN
efbd171e-51d1-43f6-bde3-82f0743ab576	_Art1_Icon	acc3513b_3fc1_4045_8554_a70fa9ea30eb.BIN
7e266a53-b335-4f83-9765-dd0d9a999fb6	_Art1_RTF	8dc629af_b111_40ad_9183_68fa04ca6250.BIN
e8cb6472-bea7-437f-b3a7-cb876b5f7595	_Art1_Icon	b9caa6a4_6bb0_45f1_967b_60814deff19d.BIN
acc05e1b-70bc-463c-989c-ca466aa3c8fe	_Art1_RTF	6daf82ad_2257_4caf_a845_d3611ef6342b.BIN
d0734a2d-9e0c-4452-a93f-cd370c41caac	_Art1_Icon	d8044079_0660_4d57_a668_b74f0156d1ae.BIN
4f7b71a4-0ea8-4392-a946-ca33da898080	_Art1_RTF	89c4e41e_fb2c_4cfe_830a_1b0454e4282c.BIN
8e844372-3941-4e84-9f55-37c2caed992b	_Art1_Icon	0dd3d343_d6d3_4f61_809c_392dc6293dc4.BIN
195a2593-10ea-4f7b-846b-37c398d65ea5	_Art1_RTF	4d07d194_5690_426a_9145_a37beadf6468.BIN
c77f1b60-a5e0-4e66-bbe8-54fdc664f0b1	_Art1_RTF	112e3d47_e046_4fea_8707_fd657f2f506a.BIN
c603511f-1e3b-41fc-a80a-05e349230b72	_Art1_RTF	c50feb9f_b572_4be0_ac09_d4d00632d456.BIN
d9813397-59f2-4cc5-9b6b-b170eaf3fbf2	_Art1_RTF	b226646a_80dc_428f_ad4b_8be686db97d8.BIN
501680dc-f28d-42f6-8283-0853a5029281	_Art1_RTF	86ec7a67_e493_4f28_9378_57d020b54ac8.BIN
f520fe72-9aab-479d-b9aa-9fd15fb25755	_Art1_ScriptText	f8248404_5837_4b67_b6c3_9b2931074f87.BIN
6eb5032c-c2fb-4202-ae63-f36edcc13779	_Art1_RTF	225d2711_edd1_4687_b527_239e00b04626.BIN
a134b0e0-e19b-47fd-8199-f1ddf803004c	_Art1_Icon	f1787f62_d608_4cb4_8b6d_d5f7fdc52c71.BIN
043641d8-c482-4904-a9a7-be9371da97ad	_Art1_Icon	43f0c92c_690d_4232_b0b0_61e286b08d33.BIN
471c2f23-f0bb-4756-bdf4-dcf4ebd8c2b3	_Art1_Icon	3e1ba628_9ee0_4b65_b7b8_bb4e21f71a19.BIN
42098982-d47c-498b-a387-c3ebd8a5322f	_Art1_Icon	259f74c9_c574_4a09_9b1d_f9a6699893cc.BIN
7383b8d7-7d4b-4c85-8c14-e61a0fed6a84	_Art1_Icon	954d9fdd_657d_455d_b024_3d3f7901344e.BIN
62bf5e87-8e2d-460d-aba4-a79a4c8b5014	_Art1_RTF	8e7c9a7c_6b24_41c1_9fd8_a0b7086f6b65.BIN
304c6eeb-b9df-4359-8711-8088aefd74cd	_Art1_Icon	358ab504_2452_4752_ad75_1937a249a9cb.BIN
dea7c2d1-c418-4773-adac-9147c1f3e863	_Art1_Icon	ead187ac_35ea_44f5_a4a8_eaadcfc8aa5f.BIN
b4ffe7ec-2c87-4510-b43b-bb369efc3fef	_Art1_Icon	a3981ef5_67bc_4482_ba67_009db3048bb6.BIN
ea4118ba-2a86-49cc-a6f7-aac67d7ca95a	_Art1_Icon	3830faa4_5fd0_468e_b2ef_122b0b78c86c.BIN
ee863ee0-23ea-4bc9-bce9-13bb80930bf0	_Art1_ScriptText	c0209a93_58fd_4047_8fd4_8a9488a37817.BIN
b24bd0a3-4900-4a39-90aa-8678d6fae592	_Art1_ScriptText	61c44f31_d007_42c7_91fb_64352968b2f2.BIN
050d956a-337b-4e8a-bea7-72847d4b441e	_Art1_ScriptText	92755e3f_1124_49e2_b0f3_7b064e222c71.BIN
ac2b4462-b5a2-4922-9a73-c1eb3069abe1	_Art1_RTF	52f1c347_907e_4123_8de8_e4a299cf28ce.BIN
ff3a55c4-c189-4d81-9d18-7b9799c3c23b	_Art1_ScriptText	a675dea3_87ed_41ee_accb_ca7ae1115ee8.BIN
6703b9c2-7fe4-44bc-ab6a-c8eaa1a74bab	_Art1_ScriptText	ed0298e7_212f_4143_a478_c516fd4662c5.BIN
6769b8a0-80f0-40d8-9327-a4ef52df52c1	_Art1_ScriptText	b078a0ad_d030_4a0b_ad82_528a8a7cef36.BIN
bc938282-fa26-47b0-a436-2d78e0f723e2	_Art1_ScriptText	18f7a029_1718_4fe8_bb33_a6163c06900c.BIN
19a89de9-553e-4d38-a072-fee4131a0de4	_Art1_RTF	c1f784d2_10e5_41be_b203_008902ec0044.BIN
eecb2494-8eb9-4387-8da5-6e5d5b640513	_Art1_ScriptText	4aaf761d_bba8_42b4_b33f_1e4ddd7ef9c3.BIN
a39e7821-3239-4d5c-977e-6db727f4692f	_Art1_ScriptText	87de2b01_8cb4_442e_9523_901d4e078021.BIN
f04e2aee-a791-46e2-a0cc-8443499e257e	_Art1_Icon	8ecf6ddf_0cb3_4a90_ac8a_1b16603c510c.BIN
8483b06c-f482-4621-a958-7c22376763a5	_Art1_Icon	2f3e131f_5c7e_4ed5_8490_be8c7e32fc6f.BIN
72d64562-c9cc-4a01-9ce0-9729a6cfdc61	_Art1_Icon	1f6661bf_a485_4c37_b9e2_73b2786917f2.BIN
25f99580-5caf-46fe-9804-e37c72d3255b	_Art1_Icon	e99c0835_9be0_456f_9b66_f791adfa848e.BIN
3d361545-18c4-4d17-85f5-e7689daba749	_Art1_Icon	f02f8f19_dc27_4e9e_84e6_f161a6631ec5.BIN
4390b8ae-efac-4ee2-91bf-bd352a0b2471	_Art1_Icon	2fe0987c_9cc9_40d5_8ca7_87c10b33ae90.BIN
18a3fe73-1b40-44b9-8d81-0a783e12617d	_Art1_RTF	394310c2_d02f_447f_b566_b4e5c02a559b.BIN
27a9df2d-3973-48d9-9678-e73624a3f12a	_Art1_Icon	78ac0c15_8db4_4091_b6aa_ab5e2765771b.BIN
c08f23fa-eb9c-4e8f-bcb9-ae8c44353598	_Art1_Icon	81d7275b_12a4_4a44_bf05_1eb6fad9debb.BIN
a8042ec2-1ed9-44f2-931d-205553d90d2b	_Art1_ScriptText	1137d333_a704_47f8_8fb1_7b3486318b2f.BIN
f758698e-7a1c-42c0-9f43-76ad42bcd622	_Art1_ScriptText	26401c9f_4ec8_4767_8352_84747fad10be.BIN
b14c95db-c556-48f3-9c76-8bccac7a6358	_Art1_ScriptText	03ba87db_78cb_4e89_917a_87067b8a5e74.BIN
2bd5f830-8704-4022-baac-db416f528ce9	_Art1_ScriptText	f2335c39_808a_47af_aa26_e08eb9c68557.BIN
59c67267-71ef-438d-a749-d858ea334204	_Art1_ScriptText	b254504b_59b7_4919_9d7d_d3e6aa5279da.BIN
ad327ab4-771c-4b70-b74c-24b44e3335f8	_Art1_ScriptText	9f61808a_cdb0_4e3c_b6ce_346ab4da6058.BIN
ad327ab4-771c-4b70-b74c-24b44e3335f8	_Art1_Icon	342ce6e3_2068_457b_8a82_684143acead0.BIN
b1176665-33a4-4f89-bc8f-9f615b454a26	_Art1_Icon	e3eaf740_8778_48cd_bb02_0266fc0098fa.BIN
70beb8c9-2c6a-4fbc-92c8-0ea14db92e6d	_Art1_RTF	2a78e29e_6055_413b_8c3e_805ab448e70b.BIN
024433d8-85f0-4ecd-875e-8149414aa343	_Art1_Icon	18e2d36c_9827_43ef_8a55_8b96bb86e526.BIN
fb1da56a-273e-4332-9ff5-f58e232b0106	_Art1_RTF	bf9006c1_5853_4166_b97e_5e1f68be3df6.BIN
17d6e280-9568-455d-a88f-ebf07f749932	_Art1_Icon	fed82ab7_b3df_453c_8d45_f4beba730da0.BIN
8bdc44d1-7340-48d9-9c99-5d11d15f9280	_Art1_ScriptText	ef5927e3_60ae_420e_8cce_5b7137f253b0.BIN
8c781cf6-bde4-47bb-9150-b06d93dec035	_Art1_RTF	54a1656b_9697_4cf1_abfa_61330bfe6edc.BIN
bc68ef8d-e81e-40df-9796-2ea277f41ee7	_Art1_Icon	785799f2_b012_4650_baa8_d28e3db195f6.BIN
bf7a2f37-5da3-47c3-ae9f-a2c6a25d3e31	_ArtX_PROFILEHELPERASSEMBLYFILE	7c8444ce_08c3_4864_8db6_109d543d16d0.BIN
bf7a2f37-5da3-47c3-ae9f-a2c6a25d3e31	_ArtX_PROFILEHELPERHELPFILE	d3630aca_de8b_45ac_a6bc_203654c56d89.BIN
bf7a2f37-5da3-47c3-ae9f-a2c6a25d3e31	_ArtX_PROFILEHELPERHELPTOPICPREFIX	d11d710e_841d_4dee_9f54_8b2495bbedd7.BIN
f6da4453-6119-40f2-8b99-597aee167d84	_Art1_ScriptText	e92ed8f5_e04e_45c7_b8bd_606326f335c1.BIN
f6da4453-6119-40f2-8b99-597aee167d84	_Art1_Icon	03b61629_5528_4f56_b2ee_41e8f69617ad.BIN
b4d311ba-5d96-40f4-890a-c8cf40007f33	_Art1_ScriptText	155dd1a2_908a_447a_84a0_514f8e88fd5f.BIN
b4d311ba-5d96-40f4-890a-c8cf40007f33	_Art1_Icon	0551cb66_2081_456d_8e61_09af1817dafb.BIN
90c7042d-df14-4c50-a7e3-04adb986447a	_Art1_ScriptText	aa968ee1_4c41_4c7f_b797_29431f8ec197.BIN
90c7042d-df14-4c50-a7e3-04adb986447a	_Art1_Icon	ada5baa9_4121_429d_9e51_f625e6e79646.BIN
aad6532f-692b-4f27-b54d-98fda6ccfc26	_Art1_ScriptText	f2993658_6ea7_48f1_9681_b1937383c358.BIN
aad6532f-692b-4f27-b54d-98fda6ccfc26	_Art1_Icon	94c9f2be_3c24_4283_9cc8_2fb9a4fb9a6a.BIN
9cd8d207-eaaa-419f-b49c-e5f5e7fe2a31	_Art1_ScriptText	259c4731_06a1_4324_87b2_49203a5df9a4.BIN
9cd8d207-eaaa-419f-b49c-e5f5e7fe2a31	_Art1_Icon	3201f45f_60a4_42a2_bd36_612e05b5fd5c.BIN
f57d7bc1-2dab-4037-9ea3-8c979fef88d5	_Art1_ScriptText	c7cbddb0_4653_472f_a8b3_bad9472ab511.BIN
f57d7bc1-2dab-4037-9ea3-8c979fef88d5	_Art1_Icon	b925cfe2_b412_4bf5_8b38_684af6daadb8.BIN
ddddb547-085c-478b-9ca7-7595a8a0dd6e	_Art1_ScriptText	843e02b2_c517_442d_ace2_f903b11b0345.BIN
ddddb547-085c-478b-9ca7-7595a8a0dd6e	_Art1_Icon	234fd277_524d_4fc8_8211_81dd245e3804.BIN
5316228c-32df-458d-8303-7a6894839cb1	_Art1_ScriptText	955bb790_00b9_4e77_8b27_7ca153ba9645.BIN
6c86c0b0-2797-458a-8073-a207414b1982	_Art1_RTF	e2d83718_4ff3_4bf6_8a29_9cde4a2b468f.BIN
1a0ae194-1608-4063-b34a-2a4113ca8a4a	_Art1_ScriptText	96c53ed8_4539_4e2f_b035_73f509a0a80b.BIN
600654c1-c90b-446d-a6ba-575c7f84e656	_Art1_RTF	ae26dc1d_0ce4_4da8_8edf_30409e8fb5fe.BIN
1511d6ae-0da6-46ad-8f4f-8bd3cff906ac	_Art1_ScriptText	2de644bd_1969_4e74_baee_cbc2cbf605fd.BIN
b08ab59c-007c-4fa3-b88d-448da0a75a8a	_Art1_ScriptText	aae87744_4f50_4169_b692_3c8688059cf0.BIN
fb21938d-c6c5-4f47-ac95-dc335991fe3e	_Art1_RTF	0900a927_8d7b_4f5b_bcc1_7788a5d6bace.BIN
9b41f7b2-2f1e-44e6-8b30-26d9f4ee885f	_Art1_RTF	f23d0f7e_f69d_4bd3_9133_3d3ad602bc11.BIN
c5fecb46-cec8-447b-b9f9-06d723c1f785	_Art1_ScriptText	200cc0a7_642f_4191_93b1_432cb621687f.BIN
e54f0f91-6b49-4ce8-8d83-6d398a29b40e	_Art1_ScriptText	7d8bc665_83b1_43a2_926c_37bf44c5b8f1.BIN
ee77923a-d195-463e-bfbf-c22dc8a6565a	_Art1_RTF	fc4f7ab1_dce2_43da_aae6_3cebb984d140.BIN
c834527a-4ba1-4bc3-a335-3b8390c699e8	_Art1_ScriptText	d8defc49_0da4_411c_8029_e63f6215680a.BIN
fb5c2971-830b-4e01-9fb5-1d935f658c18	_Art1_ScriptText	a1de72df_5e14_40a6_a723_e28f6e929fe0.BIN
a39ebfc2-22d1-4c04-baee-a8928fb5829c	_Art1_ScriptText	f1033f14_d7ae_451e_bd8d_b5ce6019415c.BIN
5f0893d7-4e35-4a0e-9dca-156c0915b27c	_Art1_ScriptText	c8c16003_5cd3_4391_aff2_bf2e1056b799.BIN
4beedbe5-13b9-4200-bebb-55773bd03a0d	_Art1_RTF	b451a077_8d72_416d_bf80_e8176f5576bd.BIN
b5088c9a-6184-42af-90be-52a9010c640a	_Art1_ScriptText	60c20cba_80de_479c_bbbc_b4913ee80aab.BIN
d6fc82f7-3fde-42d3-8b36-1890559f3afa	_Art1_RTF	73de98ab_78c5_468b_bac8_5ec54a4ba594.BIN
0eaaa7b1-4af2-4cd3-adfb-1e7b68c2b814	_Art1_RTF	7badcd35_ddfe_49d2_ae30_e230e8ae1fe9.BIN
c73bd0ee-a83d-40d9-ba6b-36fd2d223497	_Art1_RTF	c2841b41_0c78_4f79_8a42_89c62819a1bd.BIN
812d2ba4-94fb-4e41-bee5-f87d5d3c89bb	_Art1_ScriptText	b348556b_2f2a_4f45_a086_fbb3301848a6.BIN
0ace9370-3514-493d-b2d0-7a028a889a30	_Art1_ScriptText	ad9cdf19_f4c2_424c_99de_cf55aa67ec29.BIN
ba5a2938-152e-419b-b405-87e0106474cb	_Art1_ScriptText	d0b27e20_f002_447c_bf4e_2155cf64ce14.BIN
4057e6e1-42f7-42c0-b0a6-20e5ce065ea5	_Art1_ScriptText	5cfee7b2_2c9a_427a_b0ee_b1e3e8c87748.BIN
05c1cb03-3147-481c-87cd-7689ff1093bc	_Art1_RTF	da0c9be7_46f2_4922_83e4_49b03d86d01c.BIN
69f70165-d067-4280-aa54-ad52ab43130d	_Art1_ScriptText	276f6e2f_8dac_483b_ab23_5d7091cc062f.BIN
02a0c615-a616-497c-8914-34a7b1785c77	_Art1_RTF	f08faf3b_2037_4a08_8ed1_d6928dd90215.BIN
a67b40a6-598b-470b-af42-a09e67e406fa	_Art1_RTF	a80775f7_c2be_4f06_a312_bb74a0773689.BIN
6ed1595c-9e35-43c7-9f89-b1745d367b2d	_Art1_ScriptText	29b99858_a609_426a_9ed8_fa42b4ae6c9b.BIN
bf5816c1-6b38-4087-ac78-5ef4d5ef7fcc	_Art1_RTF	073fc9e6_13ed_4df2_b122_17fea2ad98db.BIN
a1e4d6cc-e143-476b-93aa-295ae35ab868	_Art1_ScriptText	d572d7c3_0cba_4c5a_9e5f_4c6fff79eb08.BIN
02ba776f-459e-434a-8244-5c9558d91334	_Art1_RTF	761eb0f0_3146_4067_861e_9ea789b4f90a.BIN
e0d3aca6-3919-4fe7-bb55-8ecb798e9c8a	_Art1_ScriptText	a2936300_60d7_4cea_bb1f_4dffed3e46d2.BIN
e6c60d55-97d7-4104-8ba3-7ff6e9d0acc5	_Art1_RTF	f9dd3b64_c8c9_48b7_bb31_36bb1d033ceb.BIN
38afc45e-2f29-42dd-9a7a-e2a0bbd22580	_Art1_ScriptText	c0c28700_7305_41ce_b23b_90930828b3c9.BIN
51b30f37-4257-4d59-89aa-5a7e0a928c15	_Art1_RTF	5469e762_3a8b_4e30_8fcf_e71a59e2e4b2.BIN
c17d2e3e-5a3c-4663-9715-09fcfd7f126a	_Art1_ScriptText	3ed749f2_318c_4af7_bde7_4bb5ca8c07a6.BIN
ea0c6ccb-2c06-4297-8c31-604896d03535	_Art1_ScriptText	04b4ecc1_e245_4aa5_95ef_af38f69e815b.BIN
a6d5c528-ca17-48e4-8c03-b7db883f096d	_Art1_ScriptText	1539e4bc_5c9b_4a5e_b974_401687a1384b.BIN
e091e796-bec1-4ffa-8f9d-165acc57f124	_Art1_Icon	cc7af531_bf78_470b_8b43_0151196b1f43.BIN
b33dd2ed-365d-476a-93af-1ae7dd95327c	_Art1_RTF	5bf739f9_32e7_4b4d_9f85_d5c978fb11bc.BIN
83401265-641f-4c79-a0cf-2c5a25e516e2	_Art1_RTF	a9efb86b_96a2_4f2c_ac26_b2ba9ffb8c4a.BIN
323c8201-e478-4a82-b959-562f0c2043b9	_Art1_Icon	77d8dd8d_5812_4ebf_af5a_7ba2dbf4e573.BIN
aa3b95da-a228-460a-90ff-cc2cd353c3fe	_Art1_RTF	eccb5d6b_2377_4742_8cec_9d38a4b3e177.BIN
87096dd9-30bf-48f2-8ad4-217a0aad6ba6	_Art1_Icon	e1470486_9220_4bb5_8afd_803fc5f16c12.BIN
bb76f591-3b07-4a06-8282-20400ffdc5f7	_Art1_RTF	a709ab16_e213_4b66_a4fe_ebf67f39ef2f.BIN
ceff3462-8555-4598-9aa6-fd6e8df78725	_Art1_RTF	ee3bbf16_63c1_4796_8a54_695443f18a77.BIN
01c90416-3d75-4cd4-a675-c44b2f85a339	_Art1_Icon	3e662544_c4a6_47a8_a161_f77ff76e66c7.BIN
31f99938-4645-4d69-bb95-b01a59d6597c	_Art1_RTF	69810f2a_daef_4df5_ae7b_3706b15e17be.BIN
943ce03a-b899-4466-a2e2-b0873a792104	_Art1_RTF	26e4492f_28ee_4b32_8f90_979b5e4a6cc4.BIN
d9eb4e88-736d-479b-9e97-ebe05cc913e4	_Art1_Icon	c7b18595_ad27_4eb8_bdeb_e9ca02c288e1.BIN
0529a073-d61c-4531-8ca1-efbde3ee262d	_Art1_RTF	f92e3f14_428b_4793_8e7e_9944c7899442.BIN
4203a43c-ea3f-4a2b-bee7-2f468a267d90	_Art1_RTF	ff96b97e_74c1_4822_9ee1_2510ea5aa4c5.BIN
4c1412ff-5d60-4b99-baca-6a8f322bb10a	_Art1_Icon	bacde061_902a_4a6f_b0e7_2d8af6152138.BIN
4b8cfffe-808a-4803-86bb-8edd6c8e3af4	_Art1_RTF	f444c77d_4b1c_4bf8_a1f9_740cbfe39819.BIN
4d24c052-15ae-44b5-ab93-576c1c4acd5a	_Art1_RTF	a3cf6008_bb7c_4d4d_8697_64774f27aa4b.BIN
33856354-35dc-4111-8194-ceed71793b5a	_Art1_Icon	511392f2_7c08_4886_9517_f32f5408a0df.BIN
d152d923-61e1-4270-9444-703d4eda8c38	_Art1_RTF	9c03f81d_c240_497c_b0d3_af9d0b519d91.BIN
2b15b8ba-8935-4aa1-b014-465a1afd9a79	_Art1_Icon	08ddaaf5_6382_4ce7_96d4_ae2473729e59.BIN
c4b70494-b4a9-47e9-877a-7032b1fa6893	_Art1_RTF	b5cc6ee6_b280_42f9_a361_810d290ac092.BIN
37f31635-c9c9-4c24-b2b4-444afea3c67b	_Art1_Icon	d27be066_0fcb_46f9_9821_e36a04570f84.BIN
7a8191b4-1b16-4d4d-a4e6-6b0d101d3b0e	_Art1_ScriptText	871c0666_fca7_4817_b9b9_31e4f22c7fd9.BIN
6fed52b5-64a1-4674-a1f6-04ab49531576	_Art1_ScriptText	3840cfa1_674c_41eb_9f81_2776eddda622.BIN
f80bc0e3-e8a3-4ec6-b0d8-f3ccd1ac6c64	_Art1_Icon	bd504f8d_0934_4609_a612_f6db837b7c10.BIN
ba09c4de-bce3-41b6-b542-bb982bde1bd0	_Art1_Icon	3125750a_ed91_4f6b_aa06_2d7ddb8d4dfa.BIN
c9f07d92-fce9-4069-9cf2-fb4c10cc1c0b	_Art1_Icon	4d311881_5e23_422a_b72a_b4f4bf5a25c0.BIN
fb4a88a0-6975-4a56-8a19-7c9e631f7d51	_Art1_ScriptText	f2ebd6a4_4828_44c9_8781_28fc6caeb862.BIN
26eb90a1-05d1-4662-85c0-fae75c452f5f	_Art1_Icon	32627d33_41c6_4fe6_aa75_6870dcbd857f.BIN
2f98359f-3326-41d9-8742-4fafeb4cd1bf	_Art1_ScriptText	7e7695a3_c75d_47bc_a14f_936c0ebcc4bf.BIN
95b36ff8-b2d7-4cfe-941c-109af25f5418	_Art1_ScriptText	2f9f3ff2_687a_4a4c_883a_dc17d662b969.BIN
af2ec0c1-113f-4972-9b3a-741c559a683e	_Art1_ScriptText	0bf7783b_ea15_42c8_88c4_d890168a3abb.BIN
0a677a02-fe8a-47a4-b8ec-53738a459009	_Art1_ScriptText	b111343c_6103_4b8a_907b_eba293d48b7c.BIN
f32c68c6-38ad-4d17-b9ef-3aa2c07d07ff	_Art1_ScriptText	e0495c75_cf89_4653_ad67_49de7940644b.BIN
7993bf5f-b2ae-4690-bb41-fc95196b07f2	_Art1_ScriptText	390b0f58_45ff_4eab_a922_7ca462008282.BIN
f6a50535-ecd9-4d0e-9731-e5eb8b637de5	_Art1_Icon	480a5dcc_a45f_4f14_a078_5ee0c9526b31.BIN
ab491bce-44f6-4ba4-b88c-d6f559f2f714	_Art1_RTF	6f338992_905e_4037_b7a1_72ee11955adf.BIN
10babbe9-8fae-43a2-a95b-521e836d94d5	_Art1_ScriptText	d79903cd_ed25_440f_9967_1d285cc00b4f.BIN
f42a98bb-3610-43af-974a-f14c09fbafb7	_Art1_ScriptText	d85a10e8_95ab_4b5c_b21f_bfb8623bf523.BIN
0485ba2c-3f9f-4839-93f4-a899346df101	_Art1_ScriptText	c550b315_f5fd_48cd_8817_e8953ca66199.BIN
75bd1b8d-3d57-4ec2-98a8-d9a2803b672c	_Art1_ScriptText	0ffbbeb5_b062_4c41_b1a0_cb803e5014ed.BIN
919d0cec-43b8-4a23-ba2e-f00a3ea3cddc	_Art1_ScriptText	6fd7c725_d13e_44a2_9def_c6020d382c8b.BIN
1dc5dfa8-ffa6-4c71-b7e7-3a36380f35a2	_Art1_ScriptText	763ce6f6_e5a9_40a7_b6a4_6b039728d184.BIN
47caee0c-96bf-4cc4-ba2a-d3b82082a25a	_Art1_ScriptText	558707d8_7296_423c_b3a9_1bbe02cb34ef.BIN
d0272b52-2955-40bd-a1f5-34115574562a	_Art1_ScriptText	2a3b1b7d_1db4_4571_b91f_cfafadc5d28b.BIN
64f50ea2-4306-4e34-a1ee-a1d1b9b4cba0	_Art1_ScriptText	27c64b38_67b4_41fc_b50e_41da84830a8e.BIN
4af1cd85-934d-4360-a639-e2faee76eb94	_Art1_RTF	dd7c1b40_083c_45d2_86b7_f257f4b4c2e5.BIN
f8252262-d8ab-4bd4-8a5a-ae832a909ce7	_Art1_RTF	afedb520_4f62_4f0d_8e62_f6a590d2d2a3.BIN
