7536b1ee-4cbd-4b97-b7ea-66499e5e78a2	_Art1_StyleTag	1
17fb1b9e-b593-4307-8ff1-6ec146620068	_Art1_CommandGroup	99
17fb1b9e-b593-4307-8ff1-6ec146620068	_Art1_ScriptType	4
17fb1b9e-b593-4307-8ff1-6ec146620068	_Art1_IconSize	1
9e77a7cc-63bf-4a98-8e17-036b83d9b495	_Art1_CommandGroup	99
9e77a7cc-63bf-4a98-8e17-036b83d9b495	_Art1_ScriptType	4
9e77a7cc-63bf-4a98-8e17-036b83d9b495	_Art1_IconSize	1
8b087d2a-90d9-424c-80c7-e1019c751e81	_Art1_Visibility	2
22799cea-96a0-49ed-8d89-b426afc6371a	_Art1_Visibility	2
38eafea8-9a8d-4a73-8a61-59ef4174f83f	_Art1_Visibility	2
ea3f5292-5a2a-431e-ae77-ee761849fd81	_Art1_Visibility	2
dacd0140-7a1f-463c-a5a6-903b2e6d499f	_Art1_Visibility	2
95ce9c07-f34c-4392-88f2-3383e2789c3a	_Art1_Visibility	2
d9fc85a2-9571-41a1-88e3-202922d68c35	_Art1_Visibility	2
dbbc6965-ee38-48a2-958a-2744756bc707	_Art1_StyleTag	1
0bc60dd1-3991-44cb-8772-50c973654667	_Art1_StyleTag	1
77b336a6-4607-4ac9-98f3-7aafc183c321	_Art1_StyleTag	1
e4b2b3eb-c097-4fc4-8a6a-f04af7f86857	_Art1_StyleTag	1
9cc5d653-2e0d-4d56-824f-7a1ae5ce51bc	_Art1_StyleTag	1
b7b3d892-65d3-4eb2-8485-b510b8fea794	_Art1_StyleTag	1
79f4911d-4b97-44ac-a1b1-9c9f981f1fd1	_Art1_StyleTag	1
92e31264-83f7-4e32-96d1-05028088a2b8	_Art1_ScriptType	4
92e31264-83f7-4e32-96d1-05028088a2b8	_Art1_IconSize	1
a01bf4d0-ab1b-4947-8c9b-223a9a64e936	_Art1_ScriptType	4
a01bf4d0-ab1b-4947-8c9b-223a9a64e936	_Art1_IconSize	1
f294f962-5f01-4489-899f-449b623e4a99	_Art1_ScriptType	4
f294f962-5f01-4489-899f-449b623e4a99	_Art1_IconSize	1
3f10ccf2-dde6-47e9-a9cc-28ea28c77ad3	_Art1_ScriptType	4
3f10ccf2-dde6-47e9-a9cc-28ea28c77ad3	_Art1_IconSize	1
0fb91d1e-2253-4dbe-b180-a77ad40cbe02	_Art1_ScriptType	4
0fb91d1e-2253-4dbe-b180-a77ad40cbe02	_Art1_IconSize	1
c5becb5b-14d1-47df-9081-37a09bf7325a	_Art1_ScriptType	4
5cbf2238-5def-4196-9080-a40c760a3ec7	_Art1_ScriptType	4
92488609-82bb-472f-9fef-a3a9e2749dc3	_Art1_ScriptType	4
b0b8a4f3-ecae-4470-9db7-0badd1cd71e0	_Art1_ScriptType	4
e8650bde-27e9-4a99-83c5-bf3007f4761c	_Art1_ScriptType	4
a78fccca-4a46-4194-999f-f7228fd2ac51	_Art1_ScriptType	4
d372d931-7ccc-4769-b66f-544afe2ae324	_Art1_ScriptType	4
9d8a4077-27c6-424b-88f9-91ccaeb394d5	_Art1_ScriptType	4
e16377a9-f616-4663-984b-5ad503679efc	_Art1_ScriptType	4
2d29e9ec-2994-4484-b079-5a3c45ede83f	_Art1_CommandGroup	2
2d29e9ec-2994-4484-b079-5a3c45ede83f	_Art1_ScriptType	4
61fedc92-b8e4-4129-8f97-680bc4ff880f	_Art1_CommandGroup	2
61fedc92-b8e4-4129-8f97-680bc4ff880f	_Art1_ScriptType	4
517904ea-b73b-44d6-861a-d1910d75d865	_Art1_CommandGroup	2
517904ea-b73b-44d6-861a-d1910d75d865	_Art1_ScriptType	4
631e2162-49a4-446d-8822-d296e797cc2f	_Art1_CommandGroup	2
631e2162-49a4-446d-8822-d296e797cc2f	_Art1_ScriptType	4
c910d274-f76f-4bcd-b1b3-9b60f8d941c4	_Art1_CommandGroup	2
c910d274-f76f-4bcd-b1b3-9b60f8d941c4	_Art1_ScriptType	4
c4485e0e-1b42-48b9-86a9-86efa1c4394f	_Art1_CommandGroup	2
c4485e0e-1b42-48b9-86a9-86efa1c4394f	_Art1_ScriptType	4
747eb5ae-6b08-477b-a6f7-639b2c2bf34f	_Art1_CommandGroup	2
747eb5ae-6b08-477b-a6f7-639b2c2bf34f	_Art1_ScriptType	4
453187b5-87a1-468f-933d-7f7284468ca9	_Art1_TagDefinitionType	0
bbe8d3d7-f3b0-4836-9c41-4e9ca700e736	_Art1_Visibility	2
14f2f072-661b-476f-9b9e-294525b29ff6	_Art1_Visibility	2
1153a403-9a78-4454-a41e-760c5c91cd87	_Art1_Visibility	2
7ef88e87-3ff4-468e-8109-a1999612d035	_Art1_StyleTag	1
8a8aedbc-b6b7-4704-9e32-5c57fc444298	_Art1_StyleTag	1
de259b56-3608-45d8-a250-92ed1a61c5b1	_Art1_StyleTag	1
8e7e6f4f-4fd9-4dc3-9b5c-f9383a6c106d	_Art1_StyleTag	1
8df54e48-44f8-4dbb-bf60-db4016907370	_Art1_ScriptType	4
6207768c-ffc9-4e72-981d-661b69444334	_Art1_CommandGroup	98
6207768c-ffc9-4e72-981d-661b69444334	_Art1_ScriptType	4
5df848ad-6ef5-491b-949f-fa52fa3fa427	_Art1_CommandGroup	98
5df848ad-6ef5-491b-949f-fa52fa3fa427	_Art1_ScriptType	4
40eaba39-31ba-4db9-9b1e-65392af831db	_Art1_CommandGroup	99
40eaba39-31ba-4db9-9b1e-65392af831db	_Art1_ScriptType	4
40eaba39-31ba-4db9-9b1e-65392af831db	_Art1_IconSize	1
95e5c3bc-0036-4741-ab7e-706131baaaa4	_Art1_CommandGroup	98
95e5c3bc-0036-4741-ab7e-706131baaaa4	_Art1_ScriptType	4
b168895c-0363-4a11-9f55-88b3c693cf7b	_Art1_CommandGroup	98
b168895c-0363-4a11-9f55-88b3c693cf7b	_Art1_ScriptType	4
72c60043-e1fc-4ecf-b462-fc22bff7f795	_Art1_CommandGroup	98
72c60043-e1fc-4ecf-b462-fc22bff7f795	_Art1_ScriptType	4
f75e3ac7-859e-45c1-85af-168ab46b1f78	_Art1_CommandGroup	98
f75e3ac7-859e-45c1-85af-168ab46b1f78	_Art1_ScriptType	4
cebef961-551a-4124-9923-3a50240b2b0a	_Art1_StyleTag	1
9252f35e-fb26-4249-ae57-7423e93b2655	_Art1_Construction	0
8b90fe35-44e2-410b-9dc5-141c024af2bf	_Art1_TagDefinitionType	0
965071a0-1975-40e4-9312-3527ae641d4a	_Art1_TagDefinitionType	3
352caa3d-69a5-4025-8d44-e3d60578494c	_Art1_TagDefinitionType	3
1ec37bd0-4121-4e59-acaa-cf0b59501e4c	_Art1_TagDefinitionType	0
43a6d08f-6f49-427e-953f-f8d96a11b9e3	_Art1_PackageCodeMapping	1
b719c717-9492-4202-9c00-ce0ebbc60b28	_Art1_Visibility	2
965305ab-d618-4e8e-940e-f7edd6676e26	_Art1_Visibility	2
a28d6370-308a-4ce8-9fc3-a144449b8280	_Art1_Visibility	2
6a5116cb-392b-4956-abb3-adcc131cb958	_Art1_Visibility	2
bc9e5570-05e3-4edc-b8a6-a2f0324d8d00	_Art1_Visibility	2
fa73de85-519b-4d66-95aa-981b13c49b21	_Art1_StyleTag	1
6557e742-c73c-4b25-a78d-3414336abbb3	_Art1_StyleTag	1
a58f9772-76cc-459e-98ca-e933526acaad	_Art1_StyleTag	1
c67bfb28-8733-4b5a-b4cf-4d68c33de590	_Art1_StyleTag	1
887828e0-8ecb-456f-9079-56e5351b8a5e	_Art1_StyleTag	1
c0e4c22c-3adc-4955-a78e-e1f1ea083b05	_Art1_PackageCodeMapping	1
b64f6cf4-af0a-43e1-96ac-a02798d80a3a	_Art1_TagDefinitionType	2
084e1578-b638-4b4a-9ebb-2a8ccd615e53	_Art1_TagDefinitionType	2
b19622a5-c775-417f-a35a-f67912c1a7a4	_Art1_ScriptType	0
1075eaba-f85e-4f5a-9284-87be3125a310	_Art1_ScriptType	0
7fd17531-12c6-420a-8c5e-67b26146c73c	_Art1_Visibility	2
f2bf99a3-3759-4398-899f-de80e3a3c14d	_Art1_Visibility	2
a0d609ab-13d2-4ce8-ace7-da667b7d5c83	_Art1_Visibility	2
830e357d-4657-41af-bfbf-f45d6e34953b	_Art1_Visibility	2
0ae9796b-f4d9-4557-87f1-77b0abfca86c	_Art1_Visibility	2
a70becdc-77b3-49a9-9503-c36719927afd	_Art1_Visibility	2
0b168baf-4a03-46ef-9d38-1a359d2b8547	_Art1_Visibility	2
58ccbcf0-d8ab-463c-bbb2-49b993801293	_Art1_Visibility	2
28707b48-006f-40c4-b64b-d43d3c86fe34	_Art1_Visibility	2
ff6d90a3-4a75-4594-9c2b-0fc4c5391a74	_Art1_Visibility	2
ee57e732-786e-4d9f-affb-c045eb598151	_Art1_Visibility	2
16f33465-4126-4a94-8d34-c52aa4fbafa1	_Art1_Visibility	2
52d56576-38bc-4188-be04-595cabf03ef7	_Art1_Visibility	2
df838a52-dbc0-4b0c-b32a-14d0212c841e	_Art1_Visibility	2
8efc902e-2790-4a8f-8818-72c36711d8aa	_Art1_Visibility	2
3a63dc06-dab7-40d4-af39-9795b549118f	_Art1_Visibility	2
0df9108e-3231-449c-ac90-350b02938483	_Art1_Visibility	2
c962c220-d325-470a-8cd5-6b11a3d70c6f	_Art1_Visibility	2
be148c14-7afc-410e-b799-af23b001ad25	_Art1_Visibility	2
e1165fbc-8fe2-4a10-8de9-a993a829b9c6	_Art1_Visibility	2
d4eebd04-6086-431c-b9c0-4b1dfcdccd87	_Art1_Visibility	2
964668e8-f8e3-40cf-8dd5-1d51d7b03289	_Art1_StyleTag	1
abeaaf47-78fc-4e68-81fd-a4337a003092	_Art1_StyleTag	1
aaea513a-3d09-4fa2-81b7-acedcb58cf36	_Art1_StyleTag	1
1265017f-6ebf-4132-91d8-0eeed6f4a5ad	_Art1_StyleTag	1
943ffb7a-058e-4a47-b0b7-624a48e3ad17	_Art1_StyleTag	1
e2954b2f-ff27-437b-95de-353d64c7bf62	_Art1_StyleTag	1
3d269587-c37f-4c62-b362-0e706ac5cec2	_Art1_StyleTag	1
26ad4303-cee1-4b41-ba63-75a2975a73d9	_Art1_StyleTag	1
b398f242-4430-40af-9ff9-c9bac7ce05da	_Art1_StyleTag	1
7bc42bc1-56ac-4e14-995c-f30ca41cab3e	_Art1_StyleTag	1
cf2fd525-79ad-46e6-ba28-6337cd07e4cd	_Art1_StyleTag	1
1c1a631e-1060-4b5b-b627-5848cc96841e	_Art1_StyleTag	1
b08e7495-a30a-4e87-877f-90570c843700	_Art1_StyleTag	1
8f3dd2c5-dec5-47bf-9287-93f5df7b315d	_Art1_StyleTag	1
f74442d5-002d-4b5a-869c-ace6fd514f20	_Art1_StyleTag	1
9b2ae45d-fec5-4f7b-900d-84b7c2ad7050	_Art1_ScriptType	4
9b2ae45d-fec5-4f7b-900d-84b7c2ad7050	_Art1_IconSize	1
944ea2c5-9d8c-4279-9fe5-66f60841b21c	_Art1_ScriptType	4
944ea2c5-9d8c-4279-9fe5-66f60841b21c	_Art1_IconSize	1
1db8dbad-2b26-43e5-8871-82559fbd6f49	_Art1_ScriptType	4
1db8dbad-2b26-43e5-8871-82559fbd6f49	_Art1_IconSize	1
ff0468d8-2684-449c-8ae7-07ab5eb6db21	_Art1_ScriptType	4
ff0468d8-2684-449c-8ae7-07ab5eb6db21	_Art1_IconSize	1
e2f32855-92f6-4523-8431-f92b08a7d574	_Art1_ScriptType	4
e2f32855-92f6-4523-8431-f92b08a7d574	_Art1_IconSize	1
4182c81d-42f6-48fb-83bf-b00377266ac5	_Art1_ScriptType	4
e571ac6a-456a-4386-9c8b-9e9ac05e705d	_Art1_ScriptType	4
2e307bcf-ece1-44e9-ac2c-f254260ad0a6	_Art1_ScriptType	4
cc7eac58-c3da-4a96-a0ed-409183accd60	_Art1_ScriptType	4
c1ece87e-a14b-48bb-a8eb-5ed14cef512a	_Art1_ScriptType	4
ac0f3221-dfa0-4793-a3be-2d498e2c8c58	_Art1_ScriptType	4
b684bc90-d1bf-45eb-8239-26ff62a90653	_Art1_ScriptType	4
390aaca6-6571-4277-917d-73f85402f51d	_Art1_ScriptType	4
fa8c26a2-77a8-4ba9-a140-e1cf065d6902	_Art1_ScriptType	4
9ba59caf-e727-4b40-a93c-cb6232d155f0	_Art1_ScriptType	4
c12cd12b-8fa3-4b81-a1d9-bd2780dea7f9	_Art1_ScriptType	4
3ed92113-8e57-4653-890d-0a7fa18048bf	_Art1_ScriptType	4
62d02b61-14e0-4979-8930-c874b00c4562	_Art1_CommandGroup	3
62d02b61-14e0-4979-8930-c874b00c4562	_Art1_ScriptType	4
711c56a7-1c00-4910-91f6-15df2b328630	_Art1_CommandGroup	3
711c56a7-1c00-4910-91f6-15df2b328630	_Art1_ScriptType	4
a586328e-6af4-4525-b7d2-39a37591076c	_Art1_CommandGroup	3
a586328e-6af4-4525-b7d2-39a37591076c	_Art1_ScriptType	4
912af636-040c-4888-9656-6a38b173e326	_Art1_CommandGroup	3
912af636-040c-4888-9656-6a38b173e326	_Art1_ScriptType	4
9721b71a-2584-4c56-89e9-b343fe8845a5	_Art1_CommandGroup	3
9721b71a-2584-4c56-89e9-b343fe8845a5	_Art1_ScriptType	4
74ef8804-871b-4b4f-b9e3-2df0f5b52b01	_Art1_CommandGroup	3
74ef8804-871b-4b4f-b9e3-2df0f5b52b01	_Art1_ScriptType	4
d034c0dc-bef9-4883-8559-1c54d07afb7d	_Art1_CommandGroup	4
d034c0dc-bef9-4883-8559-1c54d07afb7d	_Art1_ScriptType	4
7e39db14-3f2c-4cb0-b21f-1ff74517bcf1	_Art1_CommandGroup	4
7e39db14-3f2c-4cb0-b21f-1ff74517bcf1	_Art1_ScriptType	4
9749ec55-152a-48a7-95a7-6ce1ddbc232f	_Art1_CommandGroup	4
9749ec55-152a-48a7-95a7-6ce1ddbc232f	_Art1_ScriptType	4
1d00d139-1e94-4c46-ba4b-810bee7aa79e	_Art1_CommandGroup	4
1d00d139-1e94-4c46-ba4b-810bee7aa79e	_Art1_ScriptType	4
cf850a0a-84c3-431c-84ea-04a075b037cc	_Art1_CommandGroup	4
cf850a0a-84c3-431c-84ea-04a075b037cc	_Art1_ScriptType	4
ea3906a2-47a5-4aed-9f13-f4324df2844e	_Art1_CommandGroup	4
ea3906a2-47a5-4aed-9f13-f4324df2844e	_Art1_ScriptType	4
5773412d-07d4-482a-b68d-962b800c221b	_Art1_CommandGroup	4
5773412d-07d4-482a-b68d-962b800c221b	_Art1_ScriptType	4
91cfd578-4222-4433-9594-153ff25f8037	_Art1_CommandGroup	4
91cfd578-4222-4433-9594-153ff25f8037	_Art1_ScriptType	4
e25aded8-d347-4ddd-baa2-45bd5c3a2e90	_Art1_CommandGroup	4
e25aded8-d347-4ddd-baa2-45bd5c3a2e90	_Art1_ScriptType	4
e296c532-0e67-4744-a809-23d959fedcd5	_Art1_CommandGroup	4
e296c532-0e67-4744-a809-23d959fedcd5	_Art1_ScriptType	4
e8e10862-3497-4011-b995-8982b8db655b	_Art1_CommandGroup	4
e8e10862-3497-4011-b995-8982b8db655b	_Art1_ScriptType	4
510c1535-1d43-4878-b6cb-2222ca022ee4	_Art1_CommandGroup	4
510c1535-1d43-4878-b6cb-2222ca022ee4	_Art1_ScriptType	4
268c7122-8849-48b6-a967-eca6e8bb1da7	_Art1_ScriptType	4
93d4f548-456e-4a29-97e3-27fd5e8e67c2	_Art1_ScriptType	4
958a2cd5-85b7-42df-b592-e0a1cd085e4c	_Art1_ScriptType	4
73359593-f2ad-4ce4-86b2-28ef74a5ae1d	_Art1_ScriptType	4
8b2d12fa-848a-43a8-a829-d4ed103db377	_Art1_ScriptType	4
dac57ae3-9fb1-48fa-8b5d-cab59219de12	_Art1_CommandGroup	1
dac57ae3-9fb1-48fa-8b5d-cab59219de12	_Art1_ScriptType	4
05ca0ea6-2b68-431b-8d51-9c77824932ec	_Art1_CommandGroup	1
05ca0ea6-2b68-431b-8d51-9c77824932ec	_Art1_ScriptType	4
15b08e47-b8a0-493f-adb6-372f60d17fcf	_Art1_CommandGroup	1
15b08e47-b8a0-493f-adb6-372f60d17fcf	_Art1_ScriptType	4
f309ec97-1ea5-4cf1-ba36-2f045af241bb	_Art1_CommandGroup	1
f309ec97-1ea5-4cf1-ba36-2f045af241bb	_Art1_ScriptType	4
bbe3ba08-f116-4c9e-b3e9-9ee1adfc7eb7	_Art1_CommandGroup	2
bbe3ba08-f116-4c9e-b3e9-9ee1adfc7eb7	_Art1_ScriptType	4
41fb15ef-9c1f-40ca-b8bf-892b3753dd65	_Art1_CommandGroup	2
41fb15ef-9c1f-40ca-b8bf-892b3753dd65	_Art1_ScriptType	4
4edc0588-5478-4c27-95ee-6b62998f0023	_Art1_CommandGroup	2
4edc0588-5478-4c27-95ee-6b62998f0023	_Art1_ScriptType	4
95f9c6bc-1119-4bde-ae60-65af5edef4a4	_Art1_CommandGroup	2
95f9c6bc-1119-4bde-ae60-65af5edef4a4	_Art1_ScriptType	4
a3f3ffbc-e6b0-4868-a303-5dfb8eb34055	_Art1_CommandGroup	2
a3f3ffbc-e6b0-4868-a303-5dfb8eb34055	_Art1_ScriptType	4
a3294970-d5f2-47ad-ab86-2407d5027b2a	_Art1_ScriptType	4
8c516d0f-cb59-4372-a638-491819cdd706	_Art1_CommandGroup	34
8c516d0f-cb59-4372-a638-491819cdd706	_Art1_ScriptType	4
e6751c60-2aa6-4b57-9ac4-e8f3da8f85e4	_Art1_CommandGroup	34
e6751c60-2aa6-4b57-9ac4-e8f3da8f85e4	_Art1_ScriptType	4
684a73f7-7e25-4eb2-b0e2-cc5d8cc34531	_Art1_StyleTag	1
364994d4-2024-4e88-8018-49243595a06e	_Art1_ScriptType	4
364994d4-2024-4e88-8018-49243595a06e	_Art1_IconSize	1
bb32d9cc-18a9-4361-bdbe-7aafa71d532e	_Art1_ScriptType	4
bb32d9cc-18a9-4361-bdbe-7aafa71d532e	_Art1_IconSize	1
8fdfc1fe-757e-4aec-bab8-646584df01a9	_Art1_ScriptType	4
8fdfc1fe-757e-4aec-bab8-646584df01a9	_Art1_IconSize	1
8f496159-cc53-4881-ae84-0403c7ac03e5	_Art1_ScriptType	4
8f496159-cc53-4881-ae84-0403c7ac03e5	_Art1_IconSize	1
08eefa3d-5cf1-4123-ac71-7e151d39a815	_Art1_ScriptType	4
08eefa3d-5cf1-4123-ac71-7e151d39a815	_Art1_IconSize	1
f628011f-6358-4f06-bf2a-e1891da8e2be	_Art1_ScriptType	4
eb7daca0-9345-4774-96e9-f3c450b3c474	_Art1_ScriptType	4
26a5c717-6875-4bd3-bdad-ebc3c92c4911	_Art1_ScriptType	4
41a0b7dd-c2eb-41d1-bb0e-2d3fc5484d6e	_Art1_ScriptType	4
0027e34e-e042-41a4-a7ec-0cf56df12857	_Art1_ScriptType	4
e065a3b6-6045-422f-aeee-6139983f76fc	_Art1_ScriptType	4
12e33014-bbdc-4812-974a-41d9ad595858	_Art1_ScriptType	4
5931da2a-2b0b-4cf2-b738-f974901ec1b1	_Art1_ScriptType	4
57ab8a25-b3f1-4557-a6ec-9b03cc824df2	_Art1_CommandGroup	4
57ab8a25-b3f1-4557-a6ec-9b03cc824df2	_Art1_ScriptType	4
e2888594-d45f-4f4d-b707-6c369fef612d	_Art1_CommandGroup	4
e2888594-d45f-4f4d-b707-6c369fef612d	_Art1_ScriptType	4
06a0afdd-4ec3-4d6a-b9a7-1818fb73edca	_Art1_CommandGroup	1
06a0afdd-4ec3-4d6a-b9a7-1818fb73edca	_Art1_ScriptType	4
7507f58c-9fc4-4728-95d1-01330a0f867d	_Art1_CommandGroup	1
7507f58c-9fc4-4728-95d1-01330a0f867d	_Art1_ScriptType	4
b05bcc02-938c-46da-a5a9-f6c5ec64f72d	_Art1_CommandGroup	1
b05bcc02-938c-46da-a5a9-f6c5ec64f72d	_Art1_ScriptType	4
0c13dfa3-0da5-4c68-ad68-615fbdbd3594	_Art1_CommandGroup	2
0c13dfa3-0da5-4c68-ad68-615fbdbd3594	_Art1_ScriptType	4
3e6a2280-d670-4f6d-94a0-d2a1a46ee33d	_Art1_CommandGroup	2
3e6a2280-d670-4f6d-94a0-d2a1a46ee33d	_Art1_ScriptType	4
208dc73a-19db-4585-917a-dc063a104b0d	_Art1_CommandGroup	2
208dc73a-19db-4585-917a-dc063a104b0d	_Art1_ScriptType	4
a5e2a879-1c78-43b4-8948-170cd74bf71d	_Art1_CommandGroup	3
a5e2a879-1c78-43b4-8948-170cd74bf71d	_Art1_ScriptType	4
e7bce312-37d5-4e6e-b3c2-d2be638eab3e	_Art1_CommandGroup	3
e7bce312-37d5-4e6e-b3c2-d2be638eab3e	_Art1_ScriptType	4
993c8108-a1fb-4666-8ce3-417128bd5b42	_Art1_CommandGroup	3
993c8108-a1fb-4666-8ce3-417128bd5b42	_Art1_ScriptType	4
24808f68-9ec0-4650-b399-f7eac429dbfa	_Art1_CommandGroup	3
24808f68-9ec0-4650-b399-f7eac429dbfa	_Art1_ScriptType	4
14120c06-80e8-418f-8afb-72768992b98c	_Art1_ScriptType	4
55519b56-5c9d-42b7-84eb-1991aa6f9f17	_Art1_StyleTag	1
5b980657-4d58-450b-863f-266ce211d7ab	_Art1_PackageCodeMapping	1
18c87c47-5178-4a21-abcf-87d44bbcd114	_Art1_StyleTag	2
c16f9269-ffaf-47bd-bff0-c418e53d95ce	_Art1_StyleTag	2
96b83588-2364-4c35-8a4e-3d10b0419176	_Art1_TagDefinitionType	2
e78d48f5-3baa-49a7-9331-02a54e4c78b7	_Art1_TagDefinitionType	0
9791e740-7149-4967-8f8c-6a078130b7cf	_Art1_TagDefinitionType	2
0619bc4d-f935-4e7e-b1f6-448e13716393	_Art1_TagDefinitionType	2
0cfcea8d-ef01-4874-977c-d1f6eee5694a	_Art1_TagDefinitionType	2
d7cc5124-96c5-48db-8913-bde8e6556d95	_Art1_TagDefinitionType	1
08023b8a-0355-4d04-b1b5-773058b7ce11	_Art1_TagDefinitionType	2
1d96d1d2-9e3e-420e-a0f1-83f19be5a414	_Art1_TagDefinitionType	2
f21600fe-e2e1-4b7e-bc16-7daa1978b321	_Art1_TagDefinitionType	2
556eff42-e709-4b60-96cd-a7917f912408	_Art1_TagDefinitionType	2
66787e8e-ba73-42c5-b6e9-1bb388e98d1c	_Art1_TagDefinitionType	2
04a519f9-5d5a-4087-b7a0-d9c6f70a5b68	_Art1_ScriptType	0
f721896f-d067-46ff-b4d6-c9bb94693b48	_Art1_ScriptType	0
ae4d67f2-c378-465a-9f33-5fb0169c31e6	_Art1_ScriptType	0
5cd6ff46-dcb7-4ad6-9ab7-df7f364b65a8	_Art1_ScriptType	0
a89a4c4c-c731-4221-bfca-36084e4f031e	_Art1_ScriptType	0
1e060f43-e692-4442-b30b-d7b80d76115c	_Art1_ScriptType	0
21205be8-13fd-4eec-bd75-290062dd0e55	_Art1_ScriptType	0
5df5f1c6-67bf-4520-8e58-218bbb8c5a51	_Art1_StyleTag	1
3867c647-3494-4285-afdf-1b6a1e169b2a	_Art1_PackageCodeMapping	1
6ff43526-e24c-4142-ad98-96807d39e84e	_Art1_Visibility	2
c4ab4d27-8e46-435b-8438-297d4fccf35b	_Art1_Visibility	2
228ef58e-0ca1-4d0c-915a-d6fe65789712	_Art1_Visibility	2
a075c2c5-9397-4458-b30c-2a0dcfde8b0e	_Art1_Visibility	2
c82b81ae-3924-438a-99d0-5fca2256c900	_Art1_StyleTag	1
cd1f3a97-1c18-4fd6-84f6-9ccab013940b	_Art1_StyleTag	1
24cadd5f-4015-4762-96d7-6b1e2a2894e1	_Art1_ScriptType	5
0d8c89e2-0415-47c0-aba4-2a150ac0213e	_Art1_StyleTag	1
a4513e14-cbc5-48f1-ae81-705b23482f32	_Art1_StyleTag	1
e406b475-eb51-4501-9b2a-fd3ea69dfa92	_Art1_ScriptType	4
e406b475-eb51-4501-9b2a-fd3ea69dfa92	_Art1_IconSize	1
6a12f966-d5a2-40af-8784-375c07e6148e	_Art1_ScriptType	4
6a12f966-d5a2-40af-8784-375c07e6148e	_Art1_IconSize	1
f2b4188d-a5be-4d13-b448-8fa195ba6999	_Art1_ScriptType	4
f2b4188d-a5be-4d13-b448-8fa195ba6999	_Art1_IconSize	1
2bee9a9b-23e1-4979-bb2d-5a4562cc935e	_Art1_ScriptType	4
2bee9a9b-23e1-4979-bb2d-5a4562cc935e	_Art1_IconSize	1
3b20132a-ebe6-4131-90ea-c76de0447baa	_Art1_ScriptType	4
3b20132a-ebe6-4131-90ea-c76de0447baa	_Art1_IconSize	1
649933ac-fb76-4490-9b46-ff7962b2b99d	_Art1_ScriptType	4
eea6d608-4ca4-490c-a739-3e2ccfb7df6d	_Art1_ScriptType	4
ccb6133c-4147-4bb0-9deb-ed764377a7a9	_Art1_ScriptType	4
bd950f20-6568-46af-8b09-adac570d2da7	_Art1_CommandGroup	1
bd950f20-6568-46af-8b09-adac570d2da7	_Art1_ScriptType	4
5b526590-4ad5-417c-b3af-39e97024a657	_Art1_CommandGroup	1
5b526590-4ad5-417c-b3af-39e97024a657	_Art1_ScriptType	4
2cf1fbc1-ce25-43ef-99b5-48f35ed80b31	_Art1_StyleTag	1
0a615f51-880a-450e-a785-aca21f19a2da	_Art1_PackageCodeMapping	1
deecbba7-ae7c-48c2-a70d-4e10e33cdf40	_Art1_StyleTag	1
e9b24df4-3da8-49ed-997a-f73a660e4676	_Art1_StyleTag	1
926ccab2-7c9e-446b-9a36-07c06707d00e	_Art1_TagDefinitionType	2
12322392-f4fa-439e-b270-2c4d1a5a56da	_Art1_TagDefinitionType	2
928e3218-7533-4d98-a22a-9cb9f043f314	_Art1_TagDefinitionType	2
63898413-193a-4d4a-bf85-595d61b03309	_Art1_ScriptType	0
876d6b9a-9570-4d3c-9444-93bb5cfa4a03	_Art1_ScriptType	0
4890d9cd-1cb2-4d89-97c7-60aacb327293	_Art1_ScriptType	0
eb7b3a20-bb5f-421f-b628-deb818c819ec	_Art1_StyleTag	1
f2700e55-4a4a-428d-bf05-75b94c4e6009	_Art1_PackageCodeMapping	1
d89d911d-099b-4fbf-926a-c1a6a5ab9e74	_Art1_Visibility	2
d156a284-50a4-4001-9692-56358fa63343	_Art1_Visibility	2
f2c66bf9-8da9-4dbe-807b-28d5bc93ad82	_Art1_Visibility	2
efbd171e-51d1-43f6-bde3-82f0743ab576	_Art1_StyleTag	1
e8cb6472-bea7-437f-b3a7-cb876b5f7595	_Art1_StyleTag	1
d0734a2d-9e0c-4452-a93f-cd370c41caac	_Art1_StyleTag	1
8e844372-3941-4e84-9f55-37c2caed992b	_Art1_StyleTag	1
49d7a55d-4f89-45d7-b6c8-7151d8cb1e26	_Art1_PackageCodeMapping	1
3335252b-cf90-469d-b785-3bf670a3c037	_Art1_TagDefinitionType	3
d97f0a72-7175-42f6-a9bc-f776808b65c2	_Art1_TagDefinitionType	3
4c7fed5f-3003-4a75-9a5a-658745d10c37	_Art1_TagDefinitionType	3
45c3f5e3-b730-4486-b065-5058bfc02216	_Art1_TagDefinitionType	3
2caac9ac-f5ed-438e-acbb-a783c1e25fa5	_Art1_TagDefinitionType	3
6b6dde36-97c7-49bc-904d-1469b8fff02c	_Art1_TagDefinitionType	2
f520fe72-9aab-479d-b9aa-9fd15fb25755	_Art1_ScriptType	0
f9eccdcc-a9cb-4107-b457-6705be40a44b	_Art1_Visibility	2
034e0055-5318-4da9-a50c-ffde5177b47b	_Art1_Visibility	2
8b083adf-2eb2-48df-8624-f9c12b04e761	_Art1_Visibility	2
80502b46-3dce-4349-8b33-edb8e0f800b3	_Art1_Visibility	2
241202bc-b714-4ea6-849a-6ad06b30ab29	_Art1_Visibility	2
2b9a405b-373b-4765-9842-6f49194ad6b0	_Art1_Visibility	2
bb3b2af8-d6dd-498b-853a-613b481d5036	_Art1_Visibility	2
fddd6f69-2e3a-4433-885f-a78b15565a53	_Art1_Visibility	2
99862887-45e4-46d3-84c6-05b4e6412a25	_Art1_Visibility	2
f83e055d-2c67-4775-a76a-c5b4d44a1041	_Art1_Visibility	2
77501e26-1562-4bb2-aae6-d82e10750515	_Art1_Visibility	2
ba134639-f06b-4c4b-82f3-8fe6f15541fa	_Art1_Visibility	2
b2714a0d-8211-4626-a3e0-84debf378cc2	_Art1_Visibility	2
55e03d6c-2a8a-4da7-9b70-f76da6cca263	_Art1_Visibility	2
a134b0e0-e19b-47fd-8199-f1ddf803004c	_Art1_StyleTag	1
043641d8-c482-4904-a9a7-be9371da97ad	_Art1_StyleTag	1
471c2f23-f0bb-4756-bdf4-dcf4ebd8c2b3	_Art1_StyleTag	1
42098982-d47c-498b-a387-c3ebd8a5322f	_Art1_StyleTag	1
7383b8d7-7d4b-4c85-8c14-e61a0fed6a84	_Art1_StyleTag	1
304c6eeb-b9df-4359-8711-8088aefd74cd	_Art1_StyleTag	1
dea7c2d1-c418-4773-adac-9147c1f3e863	_Art1_StyleTag	1
b4ffe7ec-2c87-4510-b43b-bb369efc3fef	_Art1_StyleTag	1
b4ffe7ec-2c87-4510-b43b-bb369efc3fef	_Art1_NodeFillStyle	2
ea4118ba-2a86-49cc-a6f7-aac67d7ca95a	_Art1_StyleTag	1
404f6918-0850-44b6-981c-69a6a47b5ad9	_Art1_PackageCodeMapping	1
58a04442-fff3-4134-887f-00efdf4239bd	_Art1_TagDefinitionType	2
37f761d4-e6a4-47c2-8539-87cbabdff927	_Art1_TagDefinitionType	2
2a2d9663-b9e8-4495-b67a-edd71fd24960	_Art1_TagDefinitionType	2
ebcbc1e5-c93e-4632-aad7-56dfd56f3101	_Art1_TagDefinitionType	2
5e394f00-297e-4908-ae23-42df0160ff7f	_Art1_TagDefinitionType	2
29598c53-de64-4822-b651-2dcd93eeb442	_Art1_TagDefinitionType	2
ee863ee0-23ea-4bc9-bce9-13bb80930bf0	_Art1_ScriptType	0
b24bd0a3-4900-4a39-90aa-8678d6fae592	_Art1_ScriptType	0
050d956a-337b-4e8a-bea7-72847d4b441e	_Art1_ScriptType	0
ff3a55c4-c189-4d81-9d18-7b9799c3c23b	_Art1_ScriptType	0
6703b9c2-7fe4-44bc-ab6a-c8eaa1a74bab	_Art1_ScriptType	0
6769b8a0-80f0-40d8-9327-a4ef52df52c1	_Art1_ScriptType	0
bc938282-fa26-47b0-a436-2d78e0f723e2	_Art1_ScriptType	0
eecb2494-8eb9-4387-8da5-6e5d5b640513	_Art1_ScriptType	0
a39e7821-3239-4d5c-977e-6db727f4692f	_Art1_ScriptType	0
08828758-28a6-46ab-bf5e-94c173eff203	_Art1_Visibility	2
f43e45b9-18af-4434-91dc-30afa743523e	_Art1_Visibility	2
68a89725-ed0e-411f-a3e4-ba297612b4af	_Art1_Visibility	2
c700c227-d4fa-475a-860f-410353c09c36	_Art1_Visibility	2
c8397039-60bb-473b-af94-d8f886d4a425	_Art1_Visibility	2
b4ff75df-d03e-4b60-a0ea-a46b76237da0	_Art1_Visibility	2
795a1a8f-2fce-4316-bb1d-25e352f5e05b	_Art1_Visibility	2
a81809b0-710b-42d2-b738-08f7b12922fa	_Art1_Visibility	2
4a1b7aaf-7688-49c8-8bb5-aa7b3087fd2d	_Art1_Construction	0
39748c75-66c6-4c89-a0a3-abf347db8d12	_Art1_Visibility	2
cd8f3bab-9795-430a-9729-876d9fcfc884	_Art1_Visibility	2
ca33e8bf-fa18-42ac-bfcb-e1ac6f31a199	_Art1_Visibility	2
17277493-b349-4aa4-bbc9-214e83b6d165	_Art1_Visibility	2
f04e2aee-a791-46e2-a0cc-8443499e257e	_Art1_StyleTag	1
8483b06c-f482-4621-a958-7c22376763a5	_Art1_StyleTag	1
72d64562-c9cc-4a01-9ce0-9729a6cfdc61	_Art1_StyleTag	1
25f99580-5caf-46fe-9804-e37c72d3255b	_Art1_StyleTag	1
3d361545-18c4-4d17-85f5-e7689daba749	_Art1_StyleTag	1
4390b8ae-efac-4ee2-91bf-bd352a0b2471	_Art1_StyleTag	1
27a9df2d-3973-48d9-9678-e73624a3f12a	_Art1_StyleTag	1
c08f23fa-eb9c-4e8f-bcb9-ae8c44353598	_Art1_StyleTag	1
a8042ec2-1ed9-44f2-931d-205553d90d2b	_Art1_ScriptType	4
a8042ec2-1ed9-44f2-931d-205553d90d2b	_Art1_IconSize	1
f758698e-7a1c-42c0-9f43-76ad42bcd622	_Art1_ScriptType	4
f758698e-7a1c-42c0-9f43-76ad42bcd622	_Art1_IconSize	1
b14c95db-c556-48f3-9c76-8bccac7a6358	_Art1_ScriptType	4
b14c95db-c556-48f3-9c76-8bccac7a6358	_Art1_IconSize	1
2bd5f830-8704-4022-baac-db416f528ce9	_Art1_ScriptType	4
2bd5f830-8704-4022-baac-db416f528ce9	_Art1_IconSize	1
59c67267-71ef-438d-a749-d858ea334204	_Art1_ScriptType	4
59c67267-71ef-438d-a749-d858ea334204	_Art1_IconSize	1
ad327ab4-771c-4b70-b74c-24b44e3335f8	_Art1_ScriptType	4
b1176665-33a4-4f89-bc8f-9f615b454a26	_Art1_StyleTag	1
024433d8-85f0-4ecd-875e-8149414aa343	_Art1_StyleTag	1
17d6e280-9568-455d-a88f-ebf07f749932	_Art1_StyleTag	1
8bdc44d1-7340-48d9-9c99-5d11d15f9280	_Art1_ScriptType	2
bc68ef8d-e81e-40df-9796-2ea277f41ee7	_Art1_StyleTag	1
f6da4453-6119-40f2-8b99-597aee167d84	_Art1_CommandGroup	98
f6da4453-6119-40f2-8b99-597aee167d84	_Art1_ScriptType	4
b4d311ba-5d96-40f4-890a-c8cf40007f33	_Art1_ScriptType	4
b4d311ba-5d96-40f4-890a-c8cf40007f33	_Art1_IconSize	1
90c7042d-df14-4c50-a7e3-04adb986447a	_Art1_ScriptType	4
90c7042d-df14-4c50-a7e3-04adb986447a	_Art1_IconSize	1
aad6532f-692b-4f27-b54d-98fda6ccfc26	_Art1_CommandGroup	99
aad6532f-692b-4f27-b54d-98fda6ccfc26	_Art1_ScriptType	4
aad6532f-692b-4f27-b54d-98fda6ccfc26	_Art1_IconSize	1
9cd8d207-eaaa-419f-b49c-e5f5e7fe2a31	_Art1_CommandGroup	99
9cd8d207-eaaa-419f-b49c-e5f5e7fe2a31	_Art1_ScriptType	4
9cd8d207-eaaa-419f-b49c-e5f5e7fe2a31	_Art1_IconSize	1
f57d7bc1-2dab-4037-9ea3-8c979fef88d5	_Art1_CommandGroup	99
f57d7bc1-2dab-4037-9ea3-8c979fef88d5	_Art1_ScriptType	4
f57d7bc1-2dab-4037-9ea3-8c979fef88d5	_Art1_IconSize	1
ddddb547-085c-478b-9ca7-7595a8a0dd6e	_Art1_CommandGroup	99
ddddb547-085c-478b-9ca7-7595a8a0dd6e	_Art1_ScriptType	4
ddddb547-085c-478b-9ca7-7595a8a0dd6e	_Art1_IconSize	1
c4cd7fd8-09fa-47fb-ba25-5ad0ebb3dbec	_Art1_TagDefinitionType	0
76628e9d-ada8-46d1-8bd2-9728620ee3fb	_Art1_TagDefinitionType	2
52ca88a5-99a8-4d36-b28d-2d2e5effbb64	_Art1_TagDefinitionType	2
ffe465bc-a310-4a16-a931-f9148179ddb1	_Art1_TagDefinitionType	2
ecbfc39e-9a3d-4dcc-91c3-ca1fea89ca30	_Art1_TagDefinitionType	2
f91cae7e-8f6b-4041-86e6-fc327f54523d	_Art1_TagDefinitionType	0
c23dbf4a-11e2-4e5c-91c6-efe5e7195eba	_Art1_TagDefinitionType	0
2837b815-f9e8-4340-b760-56889514f17c	_Art1_TagDefinitionType	2
0ae2e5ad-76aa-46cf-9cb6-787613fa7a57	_Art1_TagDefinitionType	2
ae992e4a-5112-463c-9054-e85e0fc9b31b	_Art1_TagDefinitionType	1
40ea2331-f0d6-4b6e-9e49-1584fd0d4179	_Art1_TagDefinitionType	2
257b214c-72b6-46dc-be4c-4fc095ba9749	_Art1_TagDefinitionType	2
3ba244ca-8393-473b-a1c2-30272f3882b5	_Art1_TagDefinitionType	2
c25b4049-3c2d-4af5-8da1-8099040f5bba	_Art1_TagDefinitionType	2
eccb96cb-ffb1-4777-a23d-9a766bb3f2d6	_Art1_TagDefinitionType	2
ddc3bb52-ce02-4fcd-8fb2-f624de310ab8	_Art1_TagDefinitionType	2
2b6fd44f-80fc-4bb2-bd54-a852d5341484	_Art1_TagDefinitionType	2
f3239a0c-8684-4b66-9415-14bdda49f82f	_Art1_TagDefinitionType	2
468325e7-eeb3-45f3-bfa5-20ab158928d2	_Art1_TagDefinitionType	1
caff91e2-d7e3-4fac-8d33-af12fd3a42b5	_Art1_TagDefinitionType	2
6ffebc6b-e5ca-4c7e-b82c-64db8984cc2e	_Art1_TagDefinitionType	2
9e835377-c19b-40e5-9842-2eb1a5c437ae	_Art1_TagDefinitionType	2
11a99ac2-7765-4528-9d84-b3b549c07623	_Art1_TagDefinitionType	2
60a368d3-3769-4357-90d1-bb7f81d03416	_Art1_TagDefinitionType	2
5316228c-32df-458d-8303-7a6894839cb1	_Art1_ScriptType	0
1a0ae194-1608-4063-b34a-2a4113ca8a4a	_Art1_ScriptType	0
1511d6ae-0da6-46ad-8f4f-8bd3cff906ac	_Art1_ScriptType	0
b08ab59c-007c-4fa3-b88d-448da0a75a8a	_Art1_ScriptType	0
c5fecb46-cec8-447b-b9f9-06d723c1f785	_Art1_ScriptType	0
e54f0f91-6b49-4ce8-8d83-6d398a29b40e	_Art1_ScriptType	0
c834527a-4ba1-4bc3-a335-3b8390c699e8	_Art1_ScriptType	0
fb5c2971-830b-4e01-9fb5-1d935f658c18	_Art1_ScriptType	0
a39ebfc2-22d1-4c04-baee-a8928fb5829c	_Art1_ScriptType	0
5f0893d7-4e35-4a0e-9dca-156c0915b27c	_Art1_ScriptType	0
b5088c9a-6184-42af-90be-52a9010c640a	_Art1_ScriptType	0
812d2ba4-94fb-4e41-bee5-f87d5d3c89bb	_Art1_ScriptType	0
0ace9370-3514-493d-b2d0-7a028a889a30	_Art1_ScriptType	0
ba5a2938-152e-419b-b405-87e0106474cb	_Art1_ScriptType	0
4057e6e1-42f7-42c0-b0a6-20e5ce065ea5	_Art1_ScriptType	0
69f70165-d067-4280-aa54-ad52ab43130d	_Art1_ScriptType	0
6ed1595c-9e35-43c7-9f89-b1745d367b2d	_Art1_ScriptType	0
a1e4d6cc-e143-476b-93aa-295ae35ab868	_Art1_ScriptType	0
e0d3aca6-3919-4fe7-bb55-8ecb798e9c8a	_Art1_ScriptType	0
38afc45e-2f29-42dd-9a7a-e2a0bbd22580	_Art1_ScriptType	0
c17d2e3e-5a3c-4663-9715-09fcfd7f126a	_Art1_ScriptType	0
ea0c6ccb-2c06-4297-8c31-604896d03535	_Art1_ScriptType	0
a6d5c528-ca17-48e4-8c03-b7db883f096d	_Art1_ScriptType	0
5244ee6b-9e5e-4101-a796-5bae7d0116ed	_Art1_Visibility	2
43a59b88-89a5-4bac-9c41-ce61344e5e2f	_Art1_Visibility	2
3cc69ed2-dd1c-423a-89ab-e665efab6add	_Art1_Visibility	2
5262b751-7ae7-4988-b23f-033ff16001ac	_Art1_Visibility	2
03997a19-6df3-4a62-8529-bc884011e13e	_Art1_Visibility	2
0bd06c37-14f5-4b8a-965f-f4f1a9415fff	_Art1_Visibility	2
e091e796-bec1-4ffa-8f9d-165acc57f124	_Art1_StyleTag	1
323c8201-e478-4a82-b959-562f0c2043b9	_Art1_StyleTag	1
87096dd9-30bf-48f2-8ad4-217a0aad6ba6	_Art1_StyleTag	1
01c90416-3d75-4cd4-a675-c44b2f85a339	_Art1_StyleTag	1
d9eb4e88-736d-479b-9e97-ebe05cc913e4	_Art1_StyleTag	1
4c1412ff-5d60-4b99-baca-6a8f322bb10a	_Art1_StyleTag	1
33856354-35dc-4111-8194-ceed71793b5a	_Art1_StyleTag	1
d5a9533f-7e14-4566-8991-184e1677d1f5	_Art1_PackageCodeMapping	1
fbf10a34-2ab0-400f-baa0-6ba8c0722a30	_Art1_TagDefinitionType	1
d7560252-b1c8-463c-bba5-9bccb47c318a	_Art1_TagDefinitionType	1
2b15b8ba-8935-4aa1-b014-465a1afd9a79	_Art1_StyleTag	1
9aa19426-c3c3-4555-947a-ed8bc9b21b52	_Art1_StyleTag	2
49aaa53e-db57-4643-b7df-39e71bb7415d	_Art1_StyleTag	2
a930823e-5648-4fee-8716-79988ede90e0	_Art1_StyleTag	2
6724a002-de06-49cd-bed1-903738c02cc3	_Art1_StyleTag	2
f944278a-9ddb-44fc-9637-860771f0e5c3	_Art1_StyleTag	2
544ec246-cdbd-4110-9055-48e5bf2f1162	_Art1_StyleTag	2
59738527-49a1-400c-bf9d-47a739d0e64a	_Art1_StyleTag	2
9eec7b96-1289-4774-acd9-dee1b43195be	_Art1_StyleTag	2
aef964f7-aac4-40d5-a5c2-0201959c0953	_Art1_StyleTag	2
d5fbfd8e-afd6-4dea-92cd-be3e68f7ed3d	_Art1_StyleTag	2
24ff0288-6bc6-45f1-baeb-924ed1679d5e	_Art1_StyleTag	2
25450ec2-4a8a-41cc-b785-0c0dd9b75c3f	_Art1_StyleTag	2
edf833c6-05a9-439b-88ad-a75ad3d6b0c8	_Art1_StyleTag	2
f7e80186-2602-41e6-9d07-97d899a91905	_Art1_StyleTag	2
d8a14647-13ad-47d1-af34-3d7003b8fe2d	_Art1_StyleTag	2
c3fb361f-47de-4b3d-bd30-e0d9151ed3da	_Art1_StyleTag	2
3ec4a67e-5f56-45a5-90c6-26abd0774d81	_Art1_StyleTag	2
d0b89002-1314-4c8e-850e-063e6393a3f7	_Art1_StyleTag	2
37e051e3-b434-409c-bd05-e44be0978cc5	_Art1_StyleTag	2
daf827da-f31b-446b-9b00-b90277e4c505	_Art1_StyleTag	2
00e161fc-c283-425f-af34-da5f136783e8	_Art1_StyleTag	2
db4ded2c-2420-4ad9-9783-291cf5b084c2	_Art1_StyleTag	2
005fe8fb-a9cd-4cd7-a93e-edd6bb76ac46	_Art1_StyleTag	2
aeb4bdaa-ea7c-402b-abd5-528c4daf4b11	_Art1_StyleTag	2
fda614f0-c7c4-4122-a505-822c2f185f45	_Art1_StyleTag	2
8991d5a7-cec8-4330-8219-d68c1ea8dd66	_Art1_StyleTag	2
5e9f6d1c-d6c5-4e2f-8568-72238d3528ec	_Art1_StyleTag	2
46daf93e-e14b-49a2-95cb-e34e04f15a48	_Art1_StyleTag	2
e8ace2dc-cb2a-4eca-9006-424b06c3ea27	_Art1_StyleTag	2
10fe90c5-c370-4079-be12-8729057b18cd	_Art1_StyleTag	2
e01bf675-c06f-480d-8053-112de271de13	_Art1_StyleTag	2
e3ba224b-7980-4734-ab2a-c81a177c7e91	_Art1_StyleTag	2
eae6ae44-2dee-41b1-8b99-12dd0b7d2f48	_Art1_StyleTag	2
59d5d84f-26a5-4466-b9c3-9e266328d5be	_Art1_StyleTag	2
ffb50d68-31cc-4f42-90e4-b3ee3b182126	_Art1_StyleTag	2
81da6e5a-3642-4659-8883-e19d06a89f8a	_Art1_StyleTag	2
a51d1290-4d5e-47c5-b1b6-218c7f577378	_Art1_StyleTag	2
0b87928b-067e-40fc-8f2b-42e3327e7cf3	_Art1_StyleTag	2
8787494d-6a5d-429d-82a1-e37dbe353bf3	_Art1_StyleTag	2
3a67f2a6-6e5b-42f0-bb1b-f4e70895c799	_Art1_StyleTag	2
3be90182-2950-4946-89c6-ad136b76517a	_Art1_StyleTag	2
1491403a-1362-4301-b89f-511c55e11f08	_Art1_StyleTag	2
908dc317-316d-4cbf-8c69-06a2cd48e5e9	_Art1_StyleTag	2
dfc9ba50-675c-4926-a6bb-2f214422dfb9	_Art1_StyleTag	2
744215cf-0b15-4a68-98de-9206ef6de72d	_Art1_Visibility	2
37f31635-c9c9-4c24-b2b4-444afea3c67b	_Art1_StyleTag	1
720ed9f9-3387-4e37-bdc7-46236b4d8edc	_Art1_PackageCodeMapping	1
7a8191b4-1b16-4d4d-a4e6-6b0d101d3b0e	_Art1_ScriptType	2
6fed52b5-64a1-4674-a1f6-04ab49531576	_Art1_ScriptType	2
018d2283-35e0-47ab-b1f6-ea239f2b80aa	_Art1_Visibility	2
aa66a43c-ee60-4796-8beb-f3283caf93bd	_Art1_Visibility	2
87553626-4189-4148-bd58-65d8e3a59c12	_Art1_Visibility	2
f80bc0e3-e8a3-4ec6-b0d8-f3ccd1ac6c64	_Art1_StyleTag	1
ba09c4de-bce3-41b6-b542-bb982bde1bd0	_Art1_StyleTag	1
c9f07d92-fce9-4069-9cf2-fb4c10cc1c0b	_Art1_StyleTag	1
fb4a88a0-6975-4a56-8a19-7c9e631f7d51	_Art1_ScriptType	2
26eb90a1-05d1-4662-85c0-fae75c452f5f	_Art1_StyleTag	1
0a677a02-fe8a-47a4-b8ec-53738a459009	_Art1_ScriptType	3
f32c68c6-38ad-4d17-b9ef-3aa2c07d07ff	_Art1_ScriptType	5
f32c68c6-38ad-4d17-b9ef-3aa2c07d07ff	_Art1_CommandContext	1
f6a50535-ecd9-4d0e-9731-e5eb8b637de5	_Art1_StyleTag	1
24029a5d-c9a4-49e3-a17d-a68a6dd3bb1d	_Art1_TagDefinitionType	2
53745f44-4330-4c5f-b5ac-2a9f3725052c	_Art1_TagDefinitionType	1
949c6cfd-c7cb-4bcf-a62e-33f9bc280c15	_Art1_TagDefinitionType	1
9dad6dec-0d28-4361-be3e-ff501fadd63c	_Art1_TagDefinitionType	0
46c434be-3ab4-4899-bdb6-299ff91e2ca3	_Art1_TagDefinitionType	0
af28cef3-498a-410d-8631-8898374a5ea7	_Art1_TagDefinitionType	2
d2305013-14a0-4573-8046-7bf090bc802a	_Art1_TagDefinitionType	2
1f2df478-1f90-43ea-b639-cbab42eb9583	_Art1_TagDefinitionType	0
10babbe9-8fae-43a2-a95b-521e836d94d5	_Art1_ScriptType	0
f42a98bb-3610-43af-974a-f14c09fbafb7	_Art1_ScriptType	0
0485ba2c-3f9f-4839-93f4-a899346df101	_Art1_ScriptType	0
8c7f616d-57f2-4a2a-869c-97a0c225a144	_Art1_TagDefinitionType	4
9cf373de-354d-447f-b521-80bddcb0107c	_Art1_TagDefinitionType	0
e49593d7-71fc-4270-bbee-6db9efc78321	_Art1_TagDefinitionType	4
39d8f1f2-2a41-445d-a954-69de7e6e5bba	_Art1_TagDefinitionType	4
fda4baed-6784-42d5-a6cd-fe65d17a4123	_Art1_TagDefinitionType	1
44dba926-e0f4-4874-b341-e2d3ff4765e5	_Art1_TagDefinitionType	0
b4587455-bbad-4b7a-aacf-7e8ecc0f5808	_Art1_TagDefinitionType	4
93097cd2-bf52-4042-9676-4a19b6a25e68	_Art1_TagDefinitionType	4
75bd1b8d-3d57-4ec2-98a8-d9a2803b672c	_Art1_ScriptType	0
919d0cec-43b8-4a23-ba2e-f00a3ea3cddc	_Art1_ScriptType	0
1dc5dfa8-ffa6-4c71-b7e7-3a36380f35a2	_Art1_ScriptType	0
47caee0c-96bf-4cc4-ba2a-d3b82082a25a	_Art1_ScriptType	0
d0272b52-2955-40bd-a1f5-34115574562a	_Art1_ScriptType	0
64f50ea2-4306-4e34-a1ee-a1d1b9b4cba0	_Art1_ScriptType	0
a708597c-ddee-498e-bb9a-3548f8b08621	_Art1_TagDefinitionType	3
5b68bd2e-5331-42d6-886b-800e35468cf9	_Art1_ControlNodeType	5
4b42b8fa-62e2-4956-a431-7c4606009388	_Art1_Orientation	0
d37bb8f1-8543-4b80-8ba5-aa1bfa486cc5	_Art1_Style	0
6b2b6ad6-8742-4f45-a9d4-c4711034e59a	_Art1_ViewShowReceptionName	0
639dbb14-cda8-4655-84db-be6535bff638	_Art1_StyleTag	2
639dbb14-cda8-4655-84db-be6535bff638	_Art1_NodeFillStyle	0
639dbb14-cda8-4655-84db-be6535bff638	_Art1_FontSize	-1
639dbb14-cda8-4655-84db-be6535bff638	_Art1_NodeLineThickness	-1
639dbb14-cda8-4655-84db-be6535bff638	_Art1_NodeShadowing	0
b1c0a0e8-02ee-45e8-b76d-14e7ee1cf286	_Art1_ViewShowReceptionName	0
8d0c261e-bdb2-460f-ad7d-5a5222e98b25	_Art1_StyleTag	2
8d0c261e-bdb2-460f-ad7d-5a5222e98b25	_Art1_NodeFillStyle	0
8d0c261e-bdb2-460f-ad7d-5a5222e98b25	_Art1_FontSize	-1
8d0c261e-bdb2-460f-ad7d-5a5222e98b25	_Art1_NodeLineThickness	-1
8d0c261e-bdb2-460f-ad7d-5a5222e98b25	_Art1_NodeShadowing	0
8016ed3e-a207-47f8-a8c8-9c8a7333b9a0	_Art1_ViewShowReceptionName	0
4d2f2ddb-942b-4fc3-be23-c8dfc84c1c21	_Art1_StyleTag	2
4d2f2ddb-942b-4fc3-be23-c8dfc84c1c21	_Art1_NodeFillStyle	0
4d2f2ddb-942b-4fc3-be23-c8dfc84c1c21	_Art1_FontSize	-1
4d2f2ddb-942b-4fc3-be23-c8dfc84c1c21	_Art1_NodeLineThickness	-1
4d2f2ddb-942b-4fc3-be23-c8dfc84c1c21	_Art1_NodeShadowing	0
38400fa8-b84d-444a-bd1f-35552f47f45c	_Art1_ViewShowReceptionName	0
bb134b6a-eeb9-4855-9214-e0fe9b2e1f15	_Art1_StyleTag	2
bb134b6a-eeb9-4855-9214-e0fe9b2e1f15	_Art1_NodeFillStyle	0
bb134b6a-eeb9-4855-9214-e0fe9b2e1f15	_Art1_FontSize	-1
bb134b6a-eeb9-4855-9214-e0fe9b2e1f15	_Art1_NodeLineThickness	-1
bb134b6a-eeb9-4855-9214-e0fe9b2e1f15	_Art1_NodeShadowing	0
f9660b95-a251-4539-9d36-91b3e50c3ddf	_Art1_ViewShowReceptionName	0
932eef93-045b-4a85-9de4-aeca9beba171	_Art1_StyleTag	2
932eef93-045b-4a85-9de4-aeca9beba171	_Art1_NodeFillStyle	0
932eef93-045b-4a85-9de4-aeca9beba171	_Art1_FontSize	-1
932eef93-045b-4a85-9de4-aeca9beba171	_Art1_NodeLineThickness	-1
932eef93-045b-4a85-9de4-aeca9beba171	_Art1_NodeShadowing	0
1e41124e-216c-4b01-81e2-e533ffad99cb	_Art1_ViewShowReceptionName	0
676fccc2-1165-4924-8bee-a0740f16ad89	_Art1_StyleTag	2
676fccc2-1165-4924-8bee-a0740f16ad89	_Art1_NodeFillStyle	0
676fccc2-1165-4924-8bee-a0740f16ad89	_Art1_FontSize	-1
676fccc2-1165-4924-8bee-a0740f16ad89	_Art1_NodeLineThickness	-1
676fccc2-1165-4924-8bee-a0740f16ad89	_Art1_NodeShadowing	0
13b775bb-f36d-46eb-b24b-d21a9231aea4	_Art1_ViewShowReceptionName	0
6202f37e-2aa5-4c0e-a548-40a1043de663	_Art1_StyleTag	2
6202f37e-2aa5-4c0e-a548-40a1043de663	_Art1_NodeFillStyle	0
6202f37e-2aa5-4c0e-a548-40a1043de663	_Art1_FontSize	-1
6202f37e-2aa5-4c0e-a548-40a1043de663	_Art1_NodeLineThickness	-1
6202f37e-2aa5-4c0e-a548-40a1043de663	_Art1_NodeShadowing	0
4675e017-5419-4f0e-ae7c-6343c0962a1b	_Art1_ViewShowReceptionName	0
d8477079-3331-45ae-814f-0ad2193b1bd3	_Art1_StyleTag	2
d8477079-3331-45ae-814f-0ad2193b1bd3	_Art1_NodeFillStyle	0
d8477079-3331-45ae-814f-0ad2193b1bd3	_Art1_FontSize	-1
d8477079-3331-45ae-814f-0ad2193b1bd3	_Art1_NodeLineThickness	-1
d8477079-3331-45ae-814f-0ad2193b1bd3	_Art1_NodeShadowing	0
2e23c9e4-c076-44d2-a996-a2f5e53f7da3	_Art1_ViewShowReceptionName	0
8c7a211f-62c2-4453-b849-c221f9080899	_Art1_StyleTag	2
8c7a211f-62c2-4453-b849-c221f9080899	_Art1_NodeFillStyle	0
8c7a211f-62c2-4453-b849-c221f9080899	_Art1_FontSize	-1
8c7a211f-62c2-4453-b849-c221f9080899	_Art1_NodeLineThickness	-1
8c7a211f-62c2-4453-b849-c221f9080899	_Art1_NodeShadowing	0
c2629852-afcb-41f5-9ce6-b4459f9da627	_Art1_ViewShowReceptionName	0
65553bec-0ed2-4502-a0f4-0394aa8dc0e9	_Art1_StyleTag	2
65553bec-0ed2-4502-a0f4-0394aa8dc0e9	_Art1_NodeFillStyle	0
65553bec-0ed2-4502-a0f4-0394aa8dc0e9	_Art1_FontSize	-1
65553bec-0ed2-4502-a0f4-0394aa8dc0e9	_Art1_NodeLineThickness	-1
65553bec-0ed2-4502-a0f4-0394aa8dc0e9	_Art1_NodeShadowing	0
3970641f-0c82-4390-877f-a35916287040	_Art1_StyleTag	2
3970641f-0c82-4390-877f-a35916287040	_Art1_FlowShadowing	0
3970641f-0c82-4390-877f-a35916287040	_Art1_FlowPresentation	0
3970641f-0c82-4390-877f-a35916287040	_Art1_FlowLineThickness	-1
3970641f-0c82-4390-877f-a35916287040	_Art1_FontSize	-1
8f0b7a5d-04ee-4941-bf3c-cc28b4e32aca	_Art1_StyleTag	2
8f0b7a5d-04ee-4941-bf3c-cc28b4e32aca	_Art1_FlowShadowing	0
8f0b7a5d-04ee-4941-bf3c-cc28b4e32aca	_Art1_FlowPresentation	0
8f0b7a5d-04ee-4941-bf3c-cc28b4e32aca	_Art1_FlowLineThickness	-1
8f0b7a5d-04ee-4941-bf3c-cc28b4e32aca	_Art1_FontSize	-1
8a241d48-98d5-4027-bc7e-3832d71db41f	_Art1_StyleTag	2
8a241d48-98d5-4027-bc7e-3832d71db41f	_Art1_FlowShadowing	0
8a241d48-98d5-4027-bc7e-3832d71db41f	_Art1_FlowPresentation	0
8a241d48-98d5-4027-bc7e-3832d71db41f	_Art1_FlowLineThickness	-1
8a241d48-98d5-4027-bc7e-3832d71db41f	_Art1_FontSize	-1
5e454b16-aa7f-4493-bdf2-872cd721806b	_Art1_StyleTag	2
5e454b16-aa7f-4493-bdf2-872cd721806b	_Art1_FlowShadowing	0
5e454b16-aa7f-4493-bdf2-872cd721806b	_Art1_FlowPresentation	0
5e454b16-aa7f-4493-bdf2-872cd721806b	_Art1_FlowLineThickness	-1
5e454b16-aa7f-4493-bdf2-872cd721806b	_Art1_FontSize	-1
425c94ba-f9e0-4344-b892-cd708bdfd89c	_Art1_Aggregate	0
425c94ba-f9e0-4344-b892-cd708bdfd89c	_Art1_Navigation	0
425c94ba-f9e0-4344-b892-cd708bdfd89c	_Art1_NameDirection	0
41d856f0-dd3f-4a1b-85cf-8b347ba78eae	_Art1_AssociationEnd	0
b1e1c5db-3d84-4224-bc85-23fbaa2b43ee	_Art1_AssociationEnd	1
42eefd3f-ca0a-41fd-b995-9371d2493b74	_Art1_StyleTag	2
42eefd3f-ca0a-41fd-b995-9371d2493b74	_Art1_FlowShadowing	0
42eefd3f-ca0a-41fd-b995-9371d2493b74	_Art1_FlowPresentation	0
42eefd3f-ca0a-41fd-b995-9371d2493b74	_Art1_FlowLineThickness	-1
42eefd3f-ca0a-41fd-b995-9371d2493b74	_Art1_FontSize	-1
3efe54fe-ae49-4a78-834b-4c6d5c9c3285	_Art1_Aggregate	0
3efe54fe-ae49-4a78-834b-4c6d5c9c3285	_Art1_Navigation	0
3efe54fe-ae49-4a78-834b-4c6d5c9c3285	_Art1_NameDirection	0
ec9ef875-27f3-4a33-ac61-3f9395779672	_Art1_AssociationEnd	0
4df60f67-d46c-4b6d-9802-71966a85016c	_Art1_AssociationEnd	1
4ef162d2-4219-46df-9e0c-13170ad5f037	_Art1_StyleTag	2
4ef162d2-4219-46df-9e0c-13170ad5f037	_Art1_FlowShadowing	0
4ef162d2-4219-46df-9e0c-13170ad5f037	_Art1_FlowPresentation	0
4ef162d2-4219-46df-9e0c-13170ad5f037	_Art1_FlowLineThickness	-1
4ef162d2-4219-46df-9e0c-13170ad5f037	_Art1_FontSize	-1
0bc7ce6c-6e4b-467f-8544-3da76952d643	_Art1_Aggregate	0
0bc7ce6c-6e4b-467f-8544-3da76952d643	_Art1_Navigation	0
0bc7ce6c-6e4b-467f-8544-3da76952d643	_Art1_NameDirection	0
a3dbb9f8-754c-484c-93ea-076dbd00194f	_Art1_AssociationEnd	0
d99bf430-2df5-4de4-ae79-1a281f7a9071	_Art1_AssociationEnd	1
e1cedf70-9dae-4415-a7d3-544c86160dfb	_Art1_StyleTag	2
e1cedf70-9dae-4415-a7d3-544c86160dfb	_Art1_FlowShadowing	0
e1cedf70-9dae-4415-a7d3-544c86160dfb	_Art1_FlowPresentation	0
e1cedf70-9dae-4415-a7d3-544c86160dfb	_Art1_FlowLineThickness	-1
e1cedf70-9dae-4415-a7d3-544c86160dfb	_Art1_FontSize	-1
0b615385-020d-4e4e-93ae-1efb6baee81d	_Art1_Aggregate	0
0b615385-020d-4e4e-93ae-1efb6baee81d	_Art1_Navigation	0
0b615385-020d-4e4e-93ae-1efb6baee81d	_Art1_NameDirection	0
4aa0f813-a99c-420b-9cfa-39808d37a0b1	_Art1_AssociationEnd	0
545039a3-b9e0-47bf-930c-fcc673cd08bf	_Art1_AssociationEnd	1
d413f8d9-0e87-4962-97e1-189fa3e4cf75	_Art1_StyleTag	2
d413f8d9-0e87-4962-97e1-189fa3e4cf75	_Art1_FlowShadowing	0
d413f8d9-0e87-4962-97e1-189fa3e4cf75	_Art1_FlowPresentation	0
d413f8d9-0e87-4962-97e1-189fa3e4cf75	_Art1_FlowLineThickness	-1
d413f8d9-0e87-4962-97e1-189fa3e4cf75	_Art1_FontSize	-1
2480d858-e5db-4a34-aa95-db2039b8d3bf	_Art1_Aggregate	0
2480d858-e5db-4a34-aa95-db2039b8d3bf	_Art1_Navigation	0
2480d858-e5db-4a34-aa95-db2039b8d3bf	_Art1_NameDirection	0
321a3d7e-2b11-40b6-b375-9ca9082ece5d	_Art1_AssociationEnd	0
cfbe803f-104c-4d0d-b617-25d872d0ab39	_Art1_AssociationEnd	1
9c67f43d-461c-4a19-9cd9-641a5b6e5130	_Art1_StyleTag	2
9c67f43d-461c-4a19-9cd9-641a5b6e5130	_Art1_FlowShadowing	0
9c67f43d-461c-4a19-9cd9-641a5b6e5130	_Art1_FlowPresentation	0
9c67f43d-461c-4a19-9cd9-641a5b6e5130	_Art1_FlowLineThickness	-1
9c67f43d-461c-4a19-9cd9-641a5b6e5130	_Art1_FontSize	-1
0c3c4c69-1830-4b6d-91d6-c49d09a54890	_Art1_Aggregate	0
0c3c4c69-1830-4b6d-91d6-c49d09a54890	_Art1_Navigation	0
0c3c4c69-1830-4b6d-91d6-c49d09a54890	_Art1_NameDirection	0
b5958771-f7a9-47ad-8b64-c2e58a8708a7	_Art1_AssociationEnd	0
43222192-1821-45be-bffc-e629dca83fe1	_Art1_AssociationEnd	1
06b61de5-5833-421d-90f8-6ea86e324548	_Art1_Aggregate	0
06b61de5-5833-421d-90f8-6ea86e324548	_Art1_Navigation	0
06b61de5-5833-421d-90f8-6ea86e324548	_Art1_NameDirection	0
86cca502-e23a-4d23-8fcc-743f6433e236	_Art1_AssociationEnd	0
4d249d77-eaf7-4142-adcd-4991c4001118	_Art1_AssociationEnd	1
314d3977-4a5f-41f1-a42e-f4f27aa095b5	_Art1_Aggregate	0
314d3977-4a5f-41f1-a42e-f4f27aa095b5	_Art1_Navigation	0
314d3977-4a5f-41f1-a42e-f4f27aa095b5	_Art1_NameDirection	0
1506d392-013c-4f74-b165-5ebea21be861	_Art1_AssociationEnd	0
cd73fde6-7af4-411a-8503-7ee89961d5a0	_Art1_AssociationEnd	1
5cd7b6e4-7e6e-4613-bc0c-ddf04fe61007	_Art1_Aggregate	0
5cd7b6e4-7e6e-4613-bc0c-ddf04fe61007	_Art1_Navigation	0
5cd7b6e4-7e6e-4613-bc0c-ddf04fe61007	_Art1_NameDirection	0
a756acd3-8000-4dd2-892b-60cebfe1a7bc	_Art1_AssociationEnd	0
dfd19c23-19fd-46a8-8bf0-62055f2641d3	_Art1_AssociationEnd	1
e79c1974-d0de-4bd5-8960-94bd99915c7c	_Art1_Style	0
9525eba6-5f5b-468e-b240-e211936617e9	_Art1_ViewShowReceptionName	0
529fe8c3-59a6-41df-8c84-8488e1160251	_Art1_StyleTag	2
529fe8c3-59a6-41df-8c84-8488e1160251	_Art1_NodeFillStyle	0
529fe8c3-59a6-41df-8c84-8488e1160251	_Art1_FontSize	-1
529fe8c3-59a6-41df-8c84-8488e1160251	_Art1_NodeLineThickness	-1
529fe8c3-59a6-41df-8c84-8488e1160251	_Art1_NodeShadowing	0
8d241a3f-ad9a-4f00-b939-7369a5290cac	_Art1_FeatureCompartmentType	2
