b293d936-f36d-40e3-8d81-d791447b871e	_Art1_Template	9e145566_4cd1_4e19_b95b_5f5edd6c048f.BIN
cfaf9064-584e-465b-980a-218fe86abfcd	_ArtX_PROFILEHELPERASSEMBLYFILE	34581a71_85d6_425f_9982_5d4157408600.BIN
cfaf9064-584e-465b-980a-218fe86abfcd	_ArtX_PROFILEHELPERHELPFILE	004fb9f3_b6d3_468c_b7e0_0bcf27fb225c.BIN
cfaf9064-584e-465b-980a-218fe86abfcd	_ArtX_PROFILEHELPERHELPTOPICPREFIX	372f0edd_d901_4993_a0b8_940ba5ff98e2.BIN
b06acdc3-3fcb-46fc-aafb-0b1bbda21f3b	_Art1_RTF	0b415351_4ab1_4f6f_ba61_dabc43d3688c.BIN
7536b1ee-4cbd-4b97-b7ea-66499e5e78a2	_Art1_Icon	ea88dabe_828b_4d4a_906b_f9b2413cf6ef.BIN
17fb1b9e-b593-4307-8ff1-6ec146620068	_Art1_ScriptText	1d0d4ab7_62ad_4640_b4d2_256e54c30c6d.BIN
17fb1b9e-b593-4307-8ff1-6ec146620068	_Art1_Icon	b720228b_1d09_4d55_92f9_89f10e4def75.BIN
9e77a7cc-63bf-4a98-8e17-036b83d9b495	_Art1_ScriptText	6b87ec63_0963_417d_b38f_9f5f4b7a02dc.BIN
9e77a7cc-63bf-4a98-8e17-036b83d9b495	_Art1_Icon	c5943854_5cc3_409f_82d7_48a04717fb8f.BIN
f79d7acf-f0d0-4060-b083-7207b66fc52f	_Art1_RTF	2a610953_8841_44f5_8c75_26370c642520.BIN
9d048a8e-8076-45a8-bcee-d57eee3c0b01	_Art1_RTF	2709b2c3_b0a5_4552_ba2b_217950459102.BIN
00b8eb9c-cd37-467d-baea-32bb8dddb43e	_Art1_RTF	914ba922_72cc_4cce_a2ed_cb8d18d06663.BIN
e9bd7527-4636-48d3-83c4-57511e293e5e	_Art1_RTF	ca68e83e_2007_4a7f_9f7a_2c2fbe91c796.BIN
3fa3af66-0f84-4d17-9bd9-0dfb518d3345	_Art1_RTF	4005a188_e231_4805_ac89_d36cd330e07b.BIN
419a06c5-d49f-4880-bea4-88e0739fcf1a	_Art1_RTF	e76c605e_e455_47aa_9417_950776dcce0c.BIN
8d73d1aa-3ee0-4806-8955-5ca4372f9d71	_Art1_RTF	805f7b89_6b38_4016_88bc_85abfe612d78.BIN
c0085292-8968-4892-af4f-2a5cdbc7e599	_Art1_RTF	93263623_3407_4877_8a3c_93ace8678019.BIN
cdcf3987-6fae-4219-aee1-4e6466b21ba8	_Art1_RTF	9ef740e2_1ff0_4486_9664_f6a17982c7f0.BIN
47977680-252f-4c6f-88cb-1b6ddfd0250d	_Art1_RTF	3a576c52_615a_45c2_b87b_3d34a72bd2ea.BIN
038e0915-239c-4561-9647-252bb62b72c8	_Art1_RTF	8a6a2315_a71b_46da_86a1_987f0d02b624.BIN
f3d59cd9-4824-4d4e-b867-014157a2ea43	_Art1_RTF	b4c1b8f9_e25d_4441_82d2_83feaa4bf29a.BIN
baf06a39-3ea4-4c98-ba1e-dc492c6b1836	_Art1_RTF	b56603ac_54d4_46a2_a335_89d98e04cec3.BIN
92d801ac-be30-4a2f-86be-7a67ec270318	_Art1_RTF	87541882_d3de_4b38_a14e_c54434fcf3c8.BIN
2ab7266d-c304-4ba8-8c2d-a8c75794dd12	_Art1_RTF	d0035d35_5fc1_4b6b_badb_32f91c3cac91.BIN
2e9a48f0-cb26-427d-9443-0ab1181c11ac	_Art1_RTF	834e4e05_5219_46fd_a0af_f1ed44778afe.BIN
35b6d758-6575-4dae-b8b9-4660237e3bc1	_Art1_RTF	b8ba18f0_4837_49a6_8315_bada054c6d21.BIN
fd7a0eff-a3c8-46d9-a93b-d0def6dbc9ed	_Art1_RTF	b09f7c20_1f12_4f67_bbb5_a2c6889847a7.BIN
f2411aae-8e68-4ee3-af6b-6f2134b744e6	_Art1_RTF	5aa11c19_b4f7_454a_8fe7_4858a1438b82.BIN
3f895ff9-33af-47eb-81ab-eabc4cda3819	_Art1_RTF	68462e7e_b33d_411b_8ba0_3bffc6bf7c96.BIN
c2aaaf0e-3376-405d-83fc-1d7ffe93cd97	_Art1_RTF	d198774b_935d_4798_8291_f88003b4b7cc.BIN
552e7a52-c44b-4fe2-a6b3-1d94ed0c0be9	_Art1_RTF	1be5cdf4_7c24_4f9d_a0c9_6537d2db70a1.BIN
7725b113-4b84-41a5-874d-b7dadaf4f92c	_Art1_RTF	7e3e8441_22e7_43ad_b4ab_0d975c844014.BIN
b89e50a2-35d1-4114-82cd-948abefa6089	_Art1_RTF	d1ba4a9a_d97f_410a_a833_51f182f27a7c.BIN
8e5047bc-abf5-41fe-accd-b08517295b2e	_Art1_RTF	e7481d81_489b_4122_abae_af610423db12.BIN
6707650f-a5bf-4ee8-bf32-fb4f90c505d4	_Art1_RTF	0c93e727_5841_4b9a_827e_9979c6a44a56.BIN
087b36e8-113a-4012-b504-4c6205960791	_Art1_RTF	78e3a257_2e5d_4814_9348_e3f13a2051c3.BIN
183107bf-b411-4664-92f7-d38014b9b487	_Art1_RTF	1ab0f291_99c4_4d04_b508_ef06f8c75d1e.BIN
d1114d5f-b4ae-4971-bbe4-d92cc89535ff	_Art1_RTF	9e891a55_e7a2_48b5_a9f7_d19129fd82bf.BIN
dbbc6965-ee38-48a2-958a-2744756bc707	_Art1_Icon	a4be61e6_b469_4d48_8ca3_ce90b8d9e003.BIN
95233d7a-8b6f-47fa-86b2-5fc1be2060a3	_Art1_RTF	302495c6_daef_401e_831d_c4b3a510abb1.BIN
c53ea555-fa8b-4626-8b44-0a7a08978399	_Art1_RTF	14c6d332_5a60_4241_b420_3515af498d7f.BIN
109d3c3d-daec-4b20-acfe-977fb0f2bfa7	_Art1_RTF	fcc9404b_189b_427c_add9_01dd28580020.BIN
7b05e3b4-809b-48d4-bdf9-a77fe12c7bd9	_Art1_RTF	5bc4aad6_1b33_4544_8845_6f098a080697.BIN
786c70bf-92a0-403d-8966-0b40bae07911	_Art1_RTF	51e04a20_7f5e_4803_887d_cc73b3590e3f.BIN
cc2aa3e8-b8b4-4165-b00d-27948326a9b5	_Art1_RTF	1d7cb1d4_60e8_466e_a017_6f953ac8f180.BIN
0bc60dd1-3991-44cb-8772-50c973654667	_Art1_Icon	1e59405c_c966_4f70_abba_3dffe3a4a5dc.BIN
e7dd07ef-e663-4e05-9f27-c6c2142428a2	_Art1_RTF	21c7d41a_51b9_4959_af5e_8207f2a96c9e.BIN
a87fc02f-8680-4f23-9189-c2bdd42ce2f1	_Art1_RTF	61e3b5fe_1256_4710_813d_6eb083706d8b.BIN
77b336a6-4607-4ac9-98f3-7aafc183c321	_Art1_WindowsMetaFile	59d007d5_7d89_4093_8a63_4982983c2e20.BIN
77b336a6-4607-4ac9-98f3-7aafc183c321	_Art1_Icon	95d2c71e_03be_44dd_88d6_be58535e94e3.BIN
310e1812-47b9-4d01-93e1-d938be4bbdb8	_Art1_RTF	550e1de1_0f31_40f4_b849_42b3cecf295e.BIN
0cfd0e53-ef75-4306-9677-426bc610359d	_Art1_RTF	0c9fc979_8a96_40fb_b6a4_bff1177a428c.BIN
82fcd5e5-bab6-4a43-86b0-31a95fbaa0c4	_Art1_RTF	a5fa7a1b_247e_4003_97c0_0be410e3cfd6.BIN
e4b2b3eb-c097-4fc4-8a6a-f04af7f86857	_Art1_Icon	39eee4cd_9434_4076_b3c6_6391f5caa1c2.BIN
9cc5d653-2e0d-4d56-824f-7a1ae5ce51bc	_Art1_Icon	67f6160a_c592_44ff_8b19_0c6f65c2c9f9.BIN
03926741-d7fd-473f-a3b5-dd1c826781b1	_Art1_RTF	bccd1957_9c72_4d21_bf25_2a206ef6c39a.BIN
0624cbce-d8f2-4349-a9a8-ac1e7dd04873	_Art1_RTF	4fabd842_4225_4340_9f76_87af96947751.BIN
b7b3d892-65d3-4eb2-8485-b510b8fea794	_Art1_Icon	7f98055a_e3a2_45c5_a834_074aadae7910.BIN
329b2508-82d9-480c-8eb8-39ad64db6eca	_Art1_RTF	a8b6da6e_cc04_48b9_a37f_8313d74fcc51.BIN
c010872b-465b-4fe5-a540-f9a7214eaa15	_Art1_RTF	908015ac_e2db_4689_b93c_083900150475.BIN
79f4911d-4b97-44ac-a1b1-9c9f981f1fd1	_Art1_Icon	8219a533_9627_4c19_aff3_b9a513725fea.BIN
92e31264-83f7-4e32-96d1-05028088a2b8	_Art1_ScriptText	fa29443e_77c7_44bf_9095_1b6223fd58f8.BIN
a01bf4d0-ab1b-4947-8c9b-223a9a64e936	_Art1_ScriptText	695422cd_bd1d_45d7_a21a_a66b71a9d998.BIN
f294f962-5f01-4489-899f-449b623e4a99	_Art1_ScriptText	859cf551_f05e_4f13_b51d_33cca0e7f2ee.BIN
3f10ccf2-dde6-47e9-a9cc-28ea28c77ad3	_Art1_ScriptText	66060181_549b_4cf2_b132_3834a571440d.BIN
0fb91d1e-2253-4dbe-b180-a77ad40cbe02	_Art1_ScriptText	eb316a5f_9965_4a4d_a436_32f7734f613f.BIN
c5becb5b-14d1-47df-9081-37a09bf7325a	_Art1_ScriptText	74fd9dad_6f00_4ff8_9cbd_5c39cfe0b8e0.BIN
c5becb5b-14d1-47df-9081-37a09bf7325a	_Art1_Icon	18bc5c8a_6b58_499f_a743_d41114dd6b8b.BIN
5cbf2238-5def-4196-9080-a40c760a3ec7	_Art1_ScriptText	4ab4f945_0a53_43e1_a44c_26f20af0b01f.BIN
5cbf2238-5def-4196-9080-a40c760a3ec7	_Art1_Icon	0b19598b_3c48_4cd8_850d_aeefec968bf1.BIN
92488609-82bb-472f-9fef-a3a9e2749dc3	_Art1_ScriptText	087c7a99_8c5f_46a6_9dda_f544ba4e4267.BIN
b0b8a4f3-ecae-4470-9db7-0badd1cd71e0	_Art1_ScriptText	413fb764_a835_4c41_9c02_48ee9306d5c9.BIN
b0b8a4f3-ecae-4470-9db7-0badd1cd71e0	_Art1_Icon	51437fa8_cc20_4e92_870c_5e499fb1e7d0.BIN
e8650bde-27e9-4a99-83c5-bf3007f4761c	_Art1_ScriptText	15d50462_a3d8_4a29_af89_886c8e2af716.BIN
e8650bde-27e9-4a99-83c5-bf3007f4761c	_Art1_Icon	8bb5cd83_d1e2_4563_8a33_77649571033c.BIN
a78fccca-4a46-4194-999f-f7228fd2ac51	_Art1_ScriptText	06d79fd2_4354_4b5c_b9c4_2340a006d3e2.BIN
a78fccca-4a46-4194-999f-f7228fd2ac51	_Art1_Icon	f7126e8a_657d_4022_8187_cf7673212d23.BIN
d372d931-7ccc-4769-b66f-544afe2ae324	_Art1_ScriptText	aa77c324_31c3_4f73_860a_8f86a571d132.BIN
d372d931-7ccc-4769-b66f-544afe2ae324	_Art1_Icon	f7263875_ba56_48cf_a86b_f9fe1baee651.BIN
9d8a4077-27c6-424b-88f9-91ccaeb394d5	_Art1_ScriptText	be8642ed_b894_4044_8c70_9fae41081551.BIN
9d8a4077-27c6-424b-88f9-91ccaeb394d5	_Art1_Icon	6f6907c6_f87f_46c1_b9ee_bb77882b5d99.BIN
e16377a9-f616-4663-984b-5ad503679efc	_Art1_ScriptText	0a81c68c_eb19_4239_8384_e5c52cd2e332.BIN
2d29e9ec-2994-4484-b079-5a3c45ede83f	_Art1_ScriptText	88de94c2_00ef_4bb8_8ba2_0e62e984f3e9.BIN
61fedc92-b8e4-4129-8f97-680bc4ff880f	_Art1_ScriptText	40a3f167_4e72_434e_bc11_853af5451e53.BIN
61fedc92-b8e4-4129-8f97-680bc4ff880f	_Art1_Icon	04dfa865_f38c_48bf_88fc_fa31c40464a3.BIN
517904ea-b73b-44d6-861a-d1910d75d865	_Art1_ScriptText	481b3955_1ab3_4e73_92b5_7752f71e790b.BIN
631e2162-49a4-446d-8822-d296e797cc2f	_Art1_ScriptText	f43c1cbe_97d2_4ed9_be72_bfcdc9e6984a.BIN
631e2162-49a4-446d-8822-d296e797cc2f	_Art1_Icon	461e3cf0_af05_4456_bbac_9f3a2560ade8.BIN
c910d274-f76f-4bcd-b1b3-9b60f8d941c4	_Art1_ScriptText	3e99930d_fc24_43b2_bf2d_17ef9c13e6e4.BIN
c910d274-f76f-4bcd-b1b3-9b60f8d941c4	_Art1_Icon	e4bba74d_4d72_4f00_a7a0_0a166011404f.BIN
c4485e0e-1b42-48b9-86a9-86efa1c4394f	_Art1_ScriptText	8aa6e5c9_a11c_4fec_81fa_98846e96700e.BIN
747eb5ae-6b08-477b-a6f7-639b2c2bf34f	_Art1_ScriptText	93ea8279_7fe3_4d34_9842_de21aac02e04.BIN
a1b1636c-7025-4966-9ac2-83ed4929a4e0	_Art1_RTF	ed6caf52_efb9_43b3_81b8_1b3cb26ce559.BIN
17bd7399-8996-4023-8089-32da5404e07e	_Art1_RTF	428ff6fa_5a2c_49f6_a15f_1c8abfc9219c.BIN
3baae140-0190-4df9-85f9-98e2edd49915	_Art1_RTF	624552e3_b4ee_4629_a122_ac08a61fd07d.BIN
5bc032a0-b984-48ba-a6d4-1d3fe6cbb09b	_Art1_RTF	5bc81559_ffa3_422a_8b32_dc9682f00657.BIN
7c001975-8ce7-42da-9206-2a1afcbc4cf2	_Art1_RTF	3659da15_4b87_43a2_a039_0028316fb95d.BIN
b1a38f94-f58f-4b4d-9ba6-720537b2a8d3	_Art1_RTF	b3cdcbec_313f_4bd2_80eb_1456086967e0.BIN
54506b3a-c988-450a-be2c-1ec27b0cb4a3	_Art1_RTF	01b6f372_65df_4d3e_9d32_d4d19bc2ce31.BIN
5f0342b1-59ad-44ec-92d0-0b36c6d1a598	_Art1_RTF	886438b9_0c68_4f93_acc8_8cd41bbe02c4.BIN
913c295d-94c3-41ab-baee-5efb35032a81	_Art1_RTF	4e07defb_5b05_499a_9e4e_c3a623d696b0.BIN
a5e7f551-977d-4e78-9af8-5ee212e7eb05	_Art1_RTF	24e916b9_4bce_43d8_9131_38c423222ad7.BIN
1f219453-92ab-46ae-8119-6536e8874dfa	_Art1_RTF	7b70eb94_c059_4c85_bdba_606e0810e3a9.BIN
0b9610d2-2b0c-4c6f-9e31-74d1f3a12841	_Art1_RTF	bfbe4148_93f4_433e_8346_5b822a83aa2e.BIN
a3d82c93-af4f-4cec-bcc9-5f28f269d251	_Art1_RTF	9c2a1500_0aad_4e70_971a_80a1c185f8cb.BIN
b29e8ecc-d913-4d8f-91cf-f8a1f36a1ce9	_Art1_RTF	47f3edb3_fead_417d_93b9_7dfb88a4ef0c.BIN
784c9e1e-d03e-452b-aa11-ecfe0685ad7e	_Art1_RTF	9c470d4d_6736_48c4_8580_794bb209189e.BIN
23fa9f40-4bdc-4d1c-8071-62f357ef2c59	_Art1_RTF	6472a304_bbe1_4fd4_9433_26fa7eaa4f43.BIN
c8b8fdf8-7135-42fd-9746-70c495359d27	_Art1_RTF	f8ee5cfe_7adf_4a3b_9868_223244e1c186.BIN
5cb1fa35-5517-4409-bbad-0dd3dd7f6c3a	_Art1_RTF	46b227cc_9cc8_4992_8a08_0d7cbd6a7218.BIN
67bbdc38-ad90-4957-91f1-a84556d3065c	_Art1_RTF	61245075_304a_4e0b_beed_c612e261783b.BIN
b2c027f6-611d-421b-9058-590bd032cbb1	_Art1_RTF	72957ff8_6360_43f8_bfdf_3f5f0ac6151d.BIN
384b6fc4-8ba2-4272-8607-f717ac8b0f5b	_Art1_RTF	118dadd5_b2d0_48d6_9b1f_e60bdb3dd287.BIN
1ff94a49-3db4-44a5-a601-7af94b53bf96	_Art1_RTF	37ff9ff3_498c_4b73_a801_8adfb0ce59c3.BIN
7ef88e87-3ff4-468e-8109-a1999612d035	_Art1_Icon	af7a873a_a4a0_4181_8676_dfd635ca3e37.BIN
6c4a2168-0846-4b56-ae74-146a17bd3268	_Art1_RTF	09c08704_3fe2_4ef5_8b0c_7cf2a012d2ee.BIN
b5793405-6bbe-420a-99e4-e1c55992bfac	_Art1_RTF	068b6546_5a2d_4af0_870c_1b826e89c6af.BIN
57cdcd58-f85a-4c2e-980d-24235508b63a	_Art1_RTF	e957c2c6_816b_43c4_8f55_357526e2b74a.BIN
8a8aedbc-b6b7-4704-9e32-5c57fc444298	_Art1_Icon	0af38681_e420_42d8_81d1_5b9e5558fffa.BIN
9b47fd56-a83d-4097-8827-87305fdad5bb	_Art1_RTF	fe516756_000d_487b_829b_9c9b51dd3e43.BIN
9a7c4a89-4466-420c-bbf0-ed3cfb44a3b2	_Art1_RTF	ed266fd2_5085_41f1_9340_4c852f6048d3.BIN
2cf447ca-2d4f-43c6-bedb-a42a9837532e	_Art1_RTF	391c219a_bf6f_4b3c_812b_8993758bfe62.BIN
35972ff1-2091-4696-9d03-3027b9ed910a	_Art1_RTF	5de8b9a4_5ff5_4173_bb91_95a9ff91e0ff.BIN
e19bce5c-db14-4755-abdb-e43289460194	_Art1_RTF	77b7e059_aa0a_4337_a25e_e1df0a52868d.BIN
a5f601b0-d33d-42f4-af68-1f90f3d3a15b	_Art1_RTF	92937308_c698_47dd_861a_ed2ceae39eb7.BIN
c3541a1b-025d-4072-b8ab-1d9fa0f0e9a5	_Art1_RTF	9437c4a3_841a_421e_8c2e_990993183a6b.BIN
c2163ce7-5d1b-4c9f-9219-2ce946a21fc7	_Art1_RTF	67611885_7ef8_4f01_be7f_811729f9ab3c.BIN
de259b56-3608-45d8-a250-92ed1a61c5b1	_Art1_Icon	6cd17c96_d38a_4f98_a70b_88a89cacba85.BIN
5339ed09-9d81-49e4-b63a-485202a73265	_Art1_RTF	72f38adb_c85c_4456_b2c5_a667ff84c823.BIN
a15a423c-6aee-4564-a886-6af56bf5df0f	_Art1_RTF	7f3cb6a7_9af7_47f1_9da1_fa711fcec444.BIN
df2fa150-4c34-4a73-805d-52834522923e	_Art1_RTF	c1697e52_dd68_478e_a3e1_bdfdce8837b4.BIN
f6e8aac8-6edf-4160-9931-b0d02d58bd71	_Art1_RTF	122ac57f_00e0_485f_b4a0_1d2397c2acc4.BIN
83432198-226c-4422-a78f-f829dd769bbb	_Art1_RTF	1654d28d_6a22_4b07_bd91_9257ba72b3e1.BIN
1ce265a5-fda0-4661-adc5-b71f701365f6	_Art1_RTF	08c721b5_a37e_4d70_9970_ec8f9b44615a.BIN
8e640194-7f75-4ce8-9ae8-4d3ed49193b9	_ArtX_ADDITIONALBROWSINGMODELITEMTYPES	7810e6dd_e51e_4c73_8d3a_8bfe1a2f5ec6.BIN
8e640194-7f75-4ce8-9ae8-4d3ed49193b9	_ArtX_PROFILEHELPERASSEMBLYFILE	d9f3c8f9_8579_4bcf_87b2_9e7f6ef45d70.BIN
8e640194-7f75-4ce8-9ae8-4d3ed49193b9	_ArtX_PROFILEHELPERHELPFILE	125587e9_8e55_41b7_8a07_0f92671d854c.BIN
8e640194-7f75-4ce8-9ae8-4d3ed49193b9	_ArtX_PROFILEHELPERHELPTOPICPREFIX	faa84f69_77fc_4cec_8ffe_c3ce62b2f83f.BIN
d779075a-cb88-40bc-afa5-7992c9e5c6cf	_Art1_RTF	da335518_adf9_42f2_bc9a_6606b88b89c7.BIN
8e7e6f4f-4fd9-4dc3-9b5c-f9383a6c106d	_Art1_Icon	b6e0c7f4_caa7_45a4_b13e_0125fff0ea11.BIN
8df54e48-44f8-4dbb-bf60-db4016907370	_Art1_ScriptText	e3ae3132_91f3_4ab5_b2c9_619622bb66bd.BIN
8df54e48-44f8-4dbb-bf60-db4016907370	_Art1_Icon	dff2de6e_e2f9_4fe8_81d7_595810bf1798.BIN
6207768c-ffc9-4e72-981d-661b69444334	_Art1_ScriptText	abd42631_9c17_40e8_9f44_afb0ae320d34.BIN
6207768c-ffc9-4e72-981d-661b69444334	_Art1_Icon	20a3a3c2_b170_4b45_b776_b6b0dcb86cc6.BIN
5df848ad-6ef5-491b-949f-fa52fa3fa427	_Art1_ScriptText	d5fcd357_e651_4c66_99e1_a811400993ca.BIN
5df848ad-6ef5-491b-949f-fa52fa3fa427	_Art1_Icon	3a3aba52_67c2_4a3e_a01c_a43a8b4ef53f.BIN
40eaba39-31ba-4db9-9b1e-65392af831db	_Art1_ScriptText	7042fa43_a339_47ab_847c_1cd14f5e316f.BIN
40eaba39-31ba-4db9-9b1e-65392af831db	_Art1_Icon	ee53bd7b_1cf1_4ebb_9944_a9ebe09b9f71.BIN
95e5c3bc-0036-4741-ab7e-706131baaaa4	_Art1_ScriptText	da6fb663_5f42_4f10_a7d6_953ca8a07d2a.BIN
95e5c3bc-0036-4741-ab7e-706131baaaa4	_Art1_Icon	7001221c_5991_46ad_9c67_9a16270a17d2.BIN
b168895c-0363-4a11-9f55-88b3c693cf7b	_Art1_ScriptText	6331a79a_2cc0_43a3_b03c_fe97213f159f.BIN
b168895c-0363-4a11-9f55-88b3c693cf7b	_Art1_Icon	a1317f12_af23_4091_ad95_debcc13f319e.BIN
72c60043-e1fc-4ecf-b462-fc22bff7f795	_Art1_ScriptText	065d4c44_bd23_4ede_b8db_6e9ef626206c.BIN
72c60043-e1fc-4ecf-b462-fc22bff7f795	_Art1_Icon	bdb15c26_6231_43e3_84ef_600fd5cfdfab.BIN
f75e3ac7-859e-45c1-85af-168ab46b1f78	_Art1_ScriptText	8cfcb80b_07f1_42ef_9393_3b65ea93c33e.BIN
f75e3ac7-859e-45c1-85af-168ab46b1f78	_Art1_Icon	040890e0_97a9_4ef0_a94e_7ce6deedc4ae.BIN
0f3e8b7c-5640-496e-bf28-b0c4a2c64a75	_Art1_RTF	6ab2050f_b15d_4986_b596_7b8442c054d0.BIN
8fd37e5d-906c-4250-9dad-13caa1f38a0a	_Art1_RTF	761720e9_062c_48e0_89de_4093e0346562.BIN
709d319c-4562-459f-bbcd-0b3adf4fdf60	_Art1_RTF	5b3a150b_dff5_48e2_bc2d_567f6c98a288.BIN
8fb00128-0e45-4930-a8e0-9757d29b822c	_Art1_RTF	c8c54bc3_e4df_4c8a_8422_6f0bf7f00e2c.BIN
306c0c92-4c99-40c4-9d78-f8c890d7dcc0	_Art1_RTF	2fcac6d6_a145_4e26_84ab_111fdf954e77.BIN
940b561f-be24-4b96-b636-602d1cee4c4b	_Art1_RTF	fa77d89d_7564_46ba_8aa5_38695dbb42b0.BIN
918a321c-57a0-4215-9f62-49d394a39bc4	_Art1_RTF	90acd9de_6300_4f77_abf2_0f05a3afbbf6.BIN
2182437d-f793-476a-970b-0bbd7acbdff9	_Art1_RTF	7d564fc7_5fbe_48a9_99fb_dd22b26861ef.BIN
670fe78c-57eb-4515-b3dc-dd729e1472e8	_Art1_RTF	68609461_aba2_4631_97b7_f380ad1e7b9f.BIN
8ae772cf-e8d2-4ce9-8ba9-ea80db7a6945	_Art1_RTF	66c8c6b7_aae2_45b9_b424_0d6951917ba9.BIN
cebef961-551a-4124-9923-3a50240b2b0a	_Art1_Icon	6e62b84e_46d9_4d31_af0d_a472582e3f94.BIN
cba00866-7824-4dd2-9fb7-2167ed98bafe	_Art1_RTF	f568e6a8_796e_4260_8353_483652d168c5.BIN
e81b19fa-c0f7-4bdb-9a53-d2ac3bbfa716	_Art1_RTF	091a2a36_b9f6_43eb_ae2c_18106e6bb87d.BIN
bbefe852-610b-4db1-8e80-e83c1e478892	_Art1_RTF	3941cf3b_a9f3_4865_9228_40eac132bcd6.BIN
63b468ae-9130-438e-b206-dcc8f2251021	_Art1_RTF	bb5acef0_c3a6_415f_93cb_8e28ad03fc2f.BIN
fa73de85-519b-4d66-95aa-981b13c49b21	_Art1_Icon	8e48ecdb_64f0_4b16_8b90_d2ea62155996.BIN
6557e742-c73c-4b25-a78d-3414336abbb3	_Art1_Icon	75222f2c_ab58_4682_8e6b_b7c83c67d025.BIN
a58f9772-76cc-459e-98ca-e933526acaad	_Art1_Icon	fb3c7c83_d400_4e0c_9f94_17fec5753163.BIN
9f340a35-7b49-4646-a495-2214fb8c3565	_Art1_RTF	584e14f6_0d99_4f61_8005_777d27e03762.BIN
c67bfb28-8733-4b5a-b4cf-4d68c33de590	_Art1_Icon	5f0e6ad2_da0f_4e76_a434_20972bf854b1.BIN
23d44b5f-7bbb-449f-a6c5-d7edf469b55c	_Art1_RTF	410ad54a_66b5_4bfb_af0a_ebc43c43b8d8.BIN
887828e0-8ecb-456f-9079-56e5351b8a5e	_Art1_Icon	e020f229_37fc_4da1_b7d3_7ac293b68820.BIN
b19622a5-c775-417f-a35a-f67912c1a7a4	_Art1_ScriptText	019ac580_a92b_4464_9803_97542028bab3.BIN
1075eaba-f85e-4f5a-9284-87be3125a310	_Art1_ScriptText	5b2cb140_bedf_4fa6_a7e6_b84ade719fb6.BIN
964668e8-f8e3-40cf-8dd5-1d51d7b03289	_Art1_Icon	8628bb3c_75e8_433c_bb77_3cd9aabc5f7e.BIN
abeaaf47-78fc-4e68-81fd-a4337a003092	_Art1_Icon	f0c314da_5775_49b1_ab1a_d644e9ec7f2e.BIN
4ee2afa7-a7c9-4493-b0ae-e34dc912573b	_Art1_RTF	460cc682_bc8c_442d_af30_63f3357dece1.BIN
aaea513a-3d09-4fa2-81b7-acedcb58cf36	_Art1_Icon	b9fb62d6_9289_4b47_b9b7_f50e44e57ee8.BIN
1265017f-6ebf-4132-91d8-0eeed6f4a5ad	_Art1_Icon	28a313e7_d3b7_482b_aba4_713316a08875.BIN
943ffb7a-058e-4a47-b0b7-624a48e3ad17	_Art1_Icon	b45b2ce5_93d5_4cc3_820d_bb01e32c58d0.BIN
b8807ec5-99e8-42e3-acfe-99fde322e3d3	_Art1_RTF	e22791f8_eb2e_4571_b444_5451f3394363.BIN
e2954b2f-ff27-437b-95de-353d64c7bf62	_Art1_Icon	86c8a9a4_7a1a_421e_9540_d6584b7fbfa0.BIN
c8fbc5cf-c768-425e-b822-854ef7f96a68	_Art1_RTF	ec66b61e_faa1_4950_84f5_56155cf6b400.BIN
26ad4303-cee1-4b41-ba63-75a2975a73d9	_Art1_Icon	83a08c78_9cb4_44fa_af0f_cba190215715.BIN
b398f242-4430-40af-9ff9-c9bac7ce05da	_Art1_Icon	517dab9e_f826_4a69_9ae6_97673e6f7a68.BIN
7bc42bc1-56ac-4e14-995c-f30ca41cab3e	_Art1_Icon	3112ea3c_9b40_4e08_b053_dfab1961e9d8.BIN
cf2fd525-79ad-46e6-ba28-6337cd07e4cd	_Art1_Icon	b6d2377f_9c8d_44ce_b7b4_e830057fd9c9.BIN
1c1a631e-1060-4b5b-b627-5848cc96841e	_Art1_Icon	a3bc16ae_4b76_4d9a_a3be_23d7766b2338.BIN
b08e7495-a30a-4e87-877f-90570c843700	_Art1_Icon	be602e54_64f2_4f63_bf57_e1c1a6719f05.BIN
8f3dd2c5-dec5-47bf-9287-93f5df7b315d	_Art1_Icon	a7aed13b_4935_4f9d_a58f_e3094e3c2161.BIN
c99c2c5a-2770-425e-ac1a-e013e65e9377	_Art1_RTF	ef825a66_3e26_4136_a075_db645ea9ddaa.BIN
f74442d5-002d-4b5a-869c-ace6fd514f20	_Art1_Icon	86469a1c_b3d4_4a84_a63c_0b053871ebf4.BIN
9b2ae45d-fec5-4f7b-900d-84b7c2ad7050	_Art1_ScriptText	13a5e1de_d3e3_4780_bf1b_440a3907560e.BIN
944ea2c5-9d8c-4279-9fe5-66f60841b21c	_Art1_ScriptText	ba0f763e_0908_45af_ad0d_1411ac4b5c74.BIN
1db8dbad-2b26-43e5-8871-82559fbd6f49	_Art1_ScriptText	bc5492b3_ff1e_4f86_a490_2a13e44ff1a6.BIN
ff0468d8-2684-449c-8ae7-07ab5eb6db21	_Art1_ScriptText	e6eb7e6d_a2ef_4d3b_8c4a_150a98c57579.BIN
e2f32855-92f6-4523-8431-f92b08a7d574	_Art1_ScriptText	367f7f44_8c7f_4f7c_81f3_2d843090b301.BIN
4182c81d-42f6-48fb-83bf-b00377266ac5	_Art1_ScriptText	e103a6f0_d305_412a_8cd4_13793334f277.BIN
e571ac6a-456a-4386-9c8b-9e9ac05e705d	_Art1_ScriptText	e08cbe28_d066_4af5_8444_e4aa59406ab9.BIN
2e307bcf-ece1-44e9-ac2c-f254260ad0a6	_Art1_ScriptText	f1bfeabf_e93f_4fa2_8c13_2412a456789d.BIN
cc7eac58-c3da-4a96-a0ed-409183accd60	_Art1_ScriptText	c317f756_16be_4875_8a3b_c0a511e04e47.BIN
cc7eac58-c3da-4a96-a0ed-409183accd60	_Art1_Icon	925676e6_1888_4a6a_ac9a_1b21d9e51139.BIN
c1ece87e-a14b-48bb-a8eb-5ed14cef512a	_Art1_ScriptText	b0829180_ff2a_47c9_87db_f5f0f7eb0d97.BIN
c1ece87e-a14b-48bb-a8eb-5ed14cef512a	_Art1_Icon	4ce6abd6_c6ce_4008_9c50_bf4f40d051ea.BIN
ac0f3221-dfa0-4793-a3be-2d498e2c8c58	_Art1_ScriptText	e74b3c59_8ef6_4ad9_9580_45960b310848.BIN
ac0f3221-dfa0-4793-a3be-2d498e2c8c58	_Art1_Icon	56311eb9_fed6_48a2_8385_82376b2cf03b.BIN
b684bc90-d1bf-45eb-8239-26ff62a90653	_Art1_ScriptText	b748f5bc_a668_4da3_8d57_018f705c426b.BIN
b684bc90-d1bf-45eb-8239-26ff62a90653	_Art1_Icon	ce1267dd_bba0_4b99_a78e_8bd5307b0c67.BIN
390aaca6-6571-4277-917d-73f85402f51d	_Art1_ScriptText	e3687f7e_f79c_4787_a25e_9e8c74815a52.BIN
fa8c26a2-77a8-4ba9-a140-e1cf065d6902	_Art1_ScriptText	b768a74e_7218_4fb5_be14_50c7e0e4c195.BIN
fa8c26a2-77a8-4ba9-a140-e1cf065d6902	_Art1_Icon	835230ab_7af4_4a3d_9719_f7d0791c967d.BIN
9ba59caf-e727-4b40-a93c-cb6232d155f0	_Art1_ScriptText	7b4b2b0a_a4b0_4e95_91e4_228f22ba3fe7.BIN
c12cd12b-8fa3-4b81-a1d9-bd2780dea7f9	_Art1_ScriptText	d5991c8a_bd5c_4ef8_85cb_bb319c4cc795.BIN
c12cd12b-8fa3-4b81-a1d9-bd2780dea7f9	_Art1_Icon	69f59dbf_a81b_4e8a_9fc9_254835be6ddf.BIN
3ed92113-8e57-4653-890d-0a7fa18048bf	_Art1_ScriptText	0f1c00b0_efa5_4a34_a68f_5de8433030ce.BIN
62d02b61-14e0-4979-8930-c874b00c4562	_Art1_ScriptText	5933b5dd_da13_4f48_9b7d_4c7090c5c5f4.BIN
62d02b61-14e0-4979-8930-c874b00c4562	_Art1_Icon	e6c1b365_8662_4bd7_98b4_2866114e0a9c.BIN
711c56a7-1c00-4910-91f6-15df2b328630	_Art1_ScriptText	307c2879_43e2_47c2_8e8c_fba2e89f2ded.BIN
711c56a7-1c00-4910-91f6-15df2b328630	_Art1_Icon	e3be8882_12b0_4653_8a86_6d65d55efc6f.BIN
a586328e-6af4-4525-b7d2-39a37591076c	_Art1_ScriptText	cdb099ef_6fe1_4768_8e87_605a79afe337.BIN
a586328e-6af4-4525-b7d2-39a37591076c	_Art1_Icon	1f85ef14_380d_429f_a80e_9c8b014bb611.BIN
912af636-040c-4888-9656-6a38b173e326	_Art1_ScriptText	fb586124_e9f0_4987_85eb_36e7c49cd1cc.BIN
912af636-040c-4888-9656-6a38b173e326	_Art1_Icon	3d10868d_7af3_476d_b17b_e1b268cfc3db.BIN
9721b71a-2584-4c56-89e9-b343fe8845a5	_Art1_ScriptText	ace9922f_d643_4e5e_a1a7_37da31e93171.BIN
9721b71a-2584-4c56-89e9-b343fe8845a5	_Art1_Icon	3715e7fb_b2ef_4d75_8a2f_ab7eef482666.BIN
74ef8804-871b-4b4f-b9e3-2df0f5b52b01	_Art1_ScriptText	c55bd206_ea24_4af8_9247_81d3a5222639.BIN
74ef8804-871b-4b4f-b9e3-2df0f5b52b01	_Art1_Icon	d4c354c1_3c42_4bc3_8df7_b084ce6957d8.BIN
d034c0dc-bef9-4883-8559-1c54d07afb7d	_Art1_ScriptText	3ffc9497_c4a0_4dd5_a170_4e39406ed34d.BIN
7e39db14-3f2c-4cb0-b21f-1ff74517bcf1	_Art1_ScriptText	339e1905_22ca_4b19_b5f0_55cf852f454f.BIN
7e39db14-3f2c-4cb0-b21f-1ff74517bcf1	_Art1_Icon	7ab1ee17_98e8_4b38_9a45_1e5f8ab30617.BIN
9749ec55-152a-48a7-95a7-6ce1ddbc232f	_Art1_ScriptText	5c90a540_385e_4429_bc8e_d40e79e1927f.BIN
9749ec55-152a-48a7-95a7-6ce1ddbc232f	_Art1_Icon	750131e2_b86e_4562_a8c2_63da78987726.BIN
1d00d139-1e94-4c46-ba4b-810bee7aa79e	_Art1_ScriptText	49eecf2a_e49d_4e0a_b5f3_968faef7e2fd.BIN
1d00d139-1e94-4c46-ba4b-810bee7aa79e	_Art1_Icon	10ac89b0_9f0a_41d7_be7d_1ac4c5446029.BIN
cf850a0a-84c3-431c-84ea-04a075b037cc	_Art1_ScriptText	913389d2_5c42_43ac_8b32_8756a485cc61.BIN
ea3906a2-47a5-4aed-9f13-f4324df2844e	_Art1_ScriptText	1784acd3_c543_4b66_9637_a469599359fc.BIN
ea3906a2-47a5-4aed-9f13-f4324df2844e	_Art1_Icon	f604359f_b31c_48ce_9d1f_72b5196d5370.BIN
5773412d-07d4-482a-b68d-962b800c221b	_Art1_ScriptText	54e08b78_473d_4f35_b0a4_5e090c54c8d1.BIN
5773412d-07d4-482a-b68d-962b800c221b	_Art1_Icon	c27b7fab_6797_4224_84f4_62aecac2761d.BIN
91cfd578-4222-4433-9594-153ff25f8037	_Art1_ScriptText	ac17cbdd_e0f1_4c16_b3af_3be9a4c28f27.BIN
91cfd578-4222-4433-9594-153ff25f8037	_Art1_Icon	829557cb_bb5a_42fd_aea1_87f403262bac.BIN
e25aded8-d347-4ddd-baa2-45bd5c3a2e90	_Art1_ScriptText	1befd354_eeb7_45e6_aea7_0ac0468ab5a0.BIN
e25aded8-d347-4ddd-baa2-45bd5c3a2e90	_Art1_Icon	52cd52cc_d2bf_4365_a7d6_00280c68c9b5.BIN
e296c532-0e67-4744-a809-23d959fedcd5	_Art1_ScriptText	239e0a9f_1ffc_491c_8fa9_b5f1247be3fa.BIN
e296c532-0e67-4744-a809-23d959fedcd5	_Art1_Icon	67e7d52f_647a_4d6d_b8a4_3ef91830d398.BIN
e8e10862-3497-4011-b995-8982b8db655b	_Art1_ScriptText	2ec9aac1_ff66_4196_91b6_366652997725.BIN
510c1535-1d43-4878-b6cb-2222ca022ee4	_Art1_ScriptText	50975a08_3fd8_4e77_b776_df5cf31c0518.BIN
510c1535-1d43-4878-b6cb-2222ca022ee4	_Art1_Icon	1c9d2359_c82a_4de6_b7d4_bda0912410c7.BIN
268c7122-8849-48b6-a967-eca6e8bb1da7	_Art1_ScriptText	4fe43a81_954a_44d8_bef6_05c7404d82f5.BIN
93d4f548-456e-4a29-97e3-27fd5e8e67c2	_Art1_ScriptText	d6dbb902_bf0a_4195_9d4d_5748bacd040b.BIN
958a2cd5-85b7-42df-b592-e0a1cd085e4c	_Art1_ScriptText	0af2889a_a570_493a_95f0_759d74d091e4.BIN
73359593-f2ad-4ce4-86b2-28ef74a5ae1d	_Art1_ScriptText	5d3ef5f1_c2d3_4f4a_b11c_0e84dce198a0.BIN
8b2d12fa-848a-43a8-a829-d4ed103db377	_Art1_ScriptText	83148da2_73ac_4f17_a82a_4e67a5f422e6.BIN
dac57ae3-9fb1-48fa-8b5d-cab59219de12	_Art1_ScriptText	f7208b80_fbd0_456b_b838_703d1629ba51.BIN
05ca0ea6-2b68-431b-8d51-9c77824932ec	_Art1_ScriptText	5a1bbfe6_9ae1_41d4_a307_7c9eab308db0.BIN
15b08e47-b8a0-493f-adb6-372f60d17fcf	_Art1_ScriptText	ca3003f4_f9ab_4715_95f1_a5cc0843b2b7.BIN
f309ec97-1ea5-4cf1-ba36-2f045af241bb	_Art1_ScriptText	bb1f86a3_ef17_4028_89d3_77bb58692381.BIN
bbe3ba08-f116-4c9e-b3e9-9ee1adfc7eb7	_Art1_ScriptText	b7f5c014_c81f_46f3_a7f1_e7b35285874c.BIN
41fb15ef-9c1f-40ca-b8bf-892b3753dd65	_Art1_ScriptText	0e21b601_0d25_4c56_a2d7_66ecd974d05b.BIN
4edc0588-5478-4c27-95ee-6b62998f0023	_Art1_ScriptText	3797afe2_379f_4d09_96c1_fc72a329835b.BIN
95f9c6bc-1119-4bde-ae60-65af5edef4a4	_Art1_ScriptText	10d84c9f_3f6c_44a3_a14f_2579132c7dc8.BIN
a3f3ffbc-e6b0-4868-a303-5dfb8eb34055	_Art1_ScriptText	a6e6e6d3_82b3_4245_98eb_fc2592f4ddb7.BIN
a3294970-d5f2-47ad-ab86-2407d5027b2a	_Art1_ScriptText	c11f7692_4729_4898_9429_f69e1d80cc23.BIN
a3294970-d5f2-47ad-ab86-2407d5027b2a	_Art1_Icon	b4850f99_8818_4211_9b97_5de83c4b51b4.BIN
8c516d0f-cb59-4372-a638-491819cdd706	_Art1_ScriptText	4ff87d42_0645_48e3_bcc0_62e9bb7dfbaa.BIN
8c516d0f-cb59-4372-a638-491819cdd706	_Art1_Icon	b22603be_165f_45a2_8cb6_7a4486f3119a.BIN
e6751c60-2aa6-4b57-9ac4-e8f3da8f85e4	_Art1_ScriptText	69fab80b_2ab9_434a_a796_4e8b834070f4.BIN
e6751c60-2aa6-4b57-9ac4-e8f3da8f85e4	_Art1_Icon	fbd2d8a0_cf7f_47e7_95c1_d563354ef06e.BIN
684a73f7-7e25-4eb2-b0e2-cc5d8cc34531	_Art1_Icon	ec312ac4_452a_4e5c_bd6d_490c86b43576.BIN
364994d4-2024-4e88-8018-49243595a06e	_Art1_ScriptText	6407d114_8ee9_480e_a2fe_4bd6cc560425.BIN
bb32d9cc-18a9-4361-bdbe-7aafa71d532e	_Art1_ScriptText	56a6de23_154e_4d22_8528_c1cb08bdfd3c.BIN
8fdfc1fe-757e-4aec-bab8-646584df01a9	_Art1_ScriptText	05661ea1_cf82_4046_949f_00e74aa5c72e.BIN
8f496159-cc53-4881-ae84-0403c7ac03e5	_Art1_ScriptText	df0bd29c_0aa6_4ad4_83d7_013f119daee8.BIN
08eefa3d-5cf1-4123-ac71-7e151d39a815	_Art1_ScriptText	51eb91a2_86ca_49fb_a530_df5fc61ee6e3.BIN
f628011f-6358-4f06-bf2a-e1891da8e2be	_Art1_ScriptText	def8559f_f900_4db6_b42a_48d5c3537feb.BIN
eb7daca0-9345-4774-96e9-f3c450b3c474	_Art1_ScriptText	4e19d11a_7d7e_4fee_bd7a_ee44e7e367c4.BIN
eb7daca0-9345-4774-96e9-f3c450b3c474	_Art1_Icon	7d92b775_fd66_4dcf_839a_5b46315644c1.BIN
26a5c717-6875-4bd3-bdad-ebc3c92c4911	_Art1_ScriptText	f97844d6_a15a_4ca6_aec2_45e7ca47f671.BIN
26a5c717-6875-4bd3-bdad-ebc3c92c4911	_Art1_Icon	02cd1e0c_6375_4a86_9bd7_c11bb774464b.BIN
41a0b7dd-c2eb-41d1-bb0e-2d3fc5484d6e	_Art1_ScriptText	27d6768d_9799_417c_a712_fb8aaf3b5251.BIN
41a0b7dd-c2eb-41d1-bb0e-2d3fc5484d6e	_Art1_Icon	19d6de38_135e_4758_9947_5c6eb1669686.BIN
0027e34e-e042-41a4-a7ec-0cf56df12857	_Art1_ScriptText	7d835191_ba18_48d7_a3d1_26547a2e5469.BIN
0027e34e-e042-41a4-a7ec-0cf56df12857	_Art1_Icon	d1f1b414_d914_4a88_b538_b240a909959a.BIN
e065a3b6-6045-422f-aeee-6139983f76fc	_Art1_ScriptText	a7bd8e44_5742_48c4_89b6_97775a8ef99c.BIN
12e33014-bbdc-4812-974a-41d9ad595858	_Art1_ScriptText	eb5c3d29_4fc5_4b51_9129_6d5d648e4bb2.BIN
5931da2a-2b0b-4cf2-b738-f974901ec1b1	_Art1_ScriptText	f50e3cfd_35d9_4c3c_819d_d9fe43961637.BIN
57ab8a25-b3f1-4557-a6ec-9b03cc824df2	_Art1_ScriptText	b39f7eda_1cfb_420c_a8d0_e27db943a9dc.BIN
57ab8a25-b3f1-4557-a6ec-9b03cc824df2	_Art1_Icon	d1aac102_b450_4c01_a215_0ed4d30caaf4.BIN
e2888594-d45f-4f4d-b707-6c369fef612d	_Art1_ScriptText	3f5bf98c_a40e_43e1_90db_ea6d987d8ebb.BIN
e2888594-d45f-4f4d-b707-6c369fef612d	_Art1_Icon	973e3e7e_141b_406e_96e6_6e8a6090aaa0.BIN
06a0afdd-4ec3-4d6a-b9a7-1818fb73edca	_Art1_ScriptText	f1d308ab_0f24_4ba1_922a_33d2b79783bd.BIN
06a0afdd-4ec3-4d6a-b9a7-1818fb73edca	_Art1_Icon	bd9db1b5_18c0_4378_b366_d0483bb1ed8a.BIN
7507f58c-9fc4-4728-95d1-01330a0f867d	_Art1_ScriptText	307d76b1_87b2_4928_8046_7dd1bf87dd28.BIN
7507f58c-9fc4-4728-95d1-01330a0f867d	_Art1_Icon	09924f76_8d89_4eb3_a112_ea306e669068.BIN
b05bcc02-938c-46da-a5a9-f6c5ec64f72d	_Art1_ScriptText	978f3bdc_2fdc_4d00_aea8_d2cd8ae0cf96.BIN
b05bcc02-938c-46da-a5a9-f6c5ec64f72d	_Art1_Icon	e6f86df6_5735_4f93_8da0_5b6edf0015f4.BIN
0c13dfa3-0da5-4c68-ad68-615fbdbd3594	_Art1_ScriptText	e98082eb_4bde_42c3_9349_b27a1eb0edba.BIN
0c13dfa3-0da5-4c68-ad68-615fbdbd3594	_Art1_Icon	667c2ce7_4d71_4b98_b4c5_c7a41a0c7a38.BIN
3e6a2280-d670-4f6d-94a0-d2a1a46ee33d	_Art1_ScriptText	9ed87fc4_6391_4808_9f8b_5a287688b0de.BIN
3e6a2280-d670-4f6d-94a0-d2a1a46ee33d	_Art1_Icon	4975d82d_6f94_441b_a77f_5d7fe45b7657.BIN
208dc73a-19db-4585-917a-dc063a104b0d	_Art1_ScriptText	bb2b7527_08a5_41dd_9c27_c92a2a448d14.BIN
208dc73a-19db-4585-917a-dc063a104b0d	_Art1_Icon	6f342d66_4e0d_431b_8d87_6ec033b57d4e.BIN
a5e2a879-1c78-43b4-8948-170cd74bf71d	_Art1_ScriptText	77138e64_e59a_4438_babd_26659be216fc.BIN
e7bce312-37d5-4e6e-b3c2-d2be638eab3e	_Art1_ScriptText	72323c77_ff7f_4c01_bfe3_c410cb85873c.BIN
993c8108-a1fb-4666-8ce3-417128bd5b42	_Art1_ScriptText	40e9f880_35bb_4ab0_8c4b_1ad0dcf93b9d.BIN
24808f68-9ec0-4650-b399-f7eac429dbfa	_Art1_ScriptText	d5fbc048_04c2_42d0_89be_06e788490877.BIN
14120c06-80e8-418f-8afb-72768992b98c	_Art1_ScriptText	953f3a78_1c59_4f51_98b0_90f6ae8edbb5.BIN
14120c06-80e8-418f-8afb-72768992b98c	_Art1_Icon	9013fc2e_8100_4bf9_bbe8_08db260db680.BIN
55519b56-5c9d-42b7-84eb-1991aa6f9f17	_Art1_Icon	abd311e9_dc44_48cb_ab5c_7f3cc12bca99.BIN
37b74319-0df7-4459-af54-fa6128ccb5ca	_Art1_RTF	cf981681_46ff_4946_b7b9_2935f5022c78.BIN
faf8c3d7-f567-4d47-9593-5217bbdb730d	_Art1_RTF	ee1756e3_cd71_43cc_913f_085071bdeb11.BIN
04a519f9-5d5a-4087-b7a0-d9c6f70a5b68	_Art1_ScriptText	be6dc99c_fe92_473b_8b78_baa05021f7a8.BIN
f721896f-d067-46ff-b4d6-c9bb94693b48	_Art1_ScriptText	034e6b4b_50ed_4bdf_9f29_ac6b67b16d20.BIN
ae4d67f2-c378-465a-9f33-5fb0169c31e6	_Art1_ScriptText	44a4b7a1_21e2_4f95_83b4_65bb6f56787e.BIN
5cd6ff46-dcb7-4ad6-9ab7-df7f364b65a8	_Art1_ScriptText	135cddcb_0d7d_4eb0_9ac3_a3e1f9c991b5.BIN
a89a4c4c-c731-4221-bfca-36084e4f031e	_Art1_ScriptText	8fd0e2d0_14a7_4267_8e59_f1f013915f1e.BIN
1e060f43-e692-4442-b30b-d7b80d76115c	_Art1_ScriptText	cde848e0_4386_496a_bf4c_4d99abbeb7b6.BIN
21205be8-13fd-4eec-bd75-290062dd0e55	_Art1_ScriptText	dbf1dbe5_0452_4e2c_9ed2_95478dbf88a7.BIN
5df5f1c6-67bf-4520-8e58-218bbb8c5a51	_Art1_Icon	b0bf0b15_d10a_4108_a787_f6bb2fefd768.BIN
c82b81ae-3924-438a-99d0-5fca2256c900	_Art1_Icon	d7d2440f_9812_483d_846e_2159152edbf5.BIN
cd1f3a97-1c18-4fd6-84f6-9ccab013940b	_Art1_Icon	21ad70d5_94ff_434b_9dfd_18d08dfd9c04.BIN
24cadd5f-4015-4762-96d7-6b1e2a2894e1	_Art1_ScriptText	99e8f70c_4bf5_4c37_b149_8060938d0031.BIN
0d8c89e2-0415-47c0-aba4-2a150ac0213e	_Art1_WindowsMetaFile	e5fb3231_bbc9_4619_8906_18eae52abd31.BIN
0d8c89e2-0415-47c0-aba4-2a150ac0213e	_Art1_Icon	36c4296d_54fc_48c5_be01_f8346c86ae7d.BIN
a4513e14-cbc5-48f1-ae81-705b23482f32	_Art1_Icon	b6a0c80f_bc8c_404b_a036_7a3dbc501979.BIN
e406b475-eb51-4501-9b2a-fd3ea69dfa92	_Art1_ScriptText	1229f3be_440d_42d0_85e3_3fd9d22bc141.BIN
6a12f966-d5a2-40af-8784-375c07e6148e	_Art1_ScriptText	59861730_1b1e_4b0c_8bf7_53389ae9a92b.BIN
f2b4188d-a5be-4d13-b448-8fa195ba6999	_Art1_ScriptText	2208b2b9_71e8_487e_9827_085d40a362b7.BIN
2bee9a9b-23e1-4979-bb2d-5a4562cc935e	_Art1_ScriptText	1b3a3b6d_dc80_48b6_826e_bd6459892084.BIN
3b20132a-ebe6-4131-90ea-c76de0447baa	_Art1_ScriptText	63a4df66_fbc5_4d47_9211_6ad3df5d4ae8.BIN
649933ac-fb76-4490-9b46-ff7962b2b99d	_Art1_ScriptText	70c55991_1f82_43db_a3b1_0d05d6b0dd09.BIN
649933ac-fb76-4490-9b46-ff7962b2b99d	_Art1_Icon	ef8932ac_8e85_4eab_be70_18dd9ebae9a1.BIN
eea6d608-4ca4-490c-a739-3e2ccfb7df6d	_Art1_ScriptText	930ae781_d161_42f0_b725_8ad6fa6d617a.BIN
eea6d608-4ca4-490c-a739-3e2ccfb7df6d	_Art1_Icon	fac12d75_8920_421d_8483_9865de8152ed.BIN
ccb6133c-4147-4bb0-9deb-ed764377a7a9	_Art1_ScriptText	37c01291_a2ee_4cdb_8592_b04cd08d4dac.BIN
ccb6133c-4147-4bb0-9deb-ed764377a7a9	_Art1_Icon	a8b317ef_7698_4cf6_9130_607db9de3512.BIN
bd950f20-6568-46af-8b09-adac570d2da7	_Art1_ScriptText	af1610ae_d2d8_44c1_9848_9eee7c615358.BIN
bd950f20-6568-46af-8b09-adac570d2da7	_Art1_Icon	5ec8f48d_7a49_417d_b098_2a2e1404aafe.BIN
5b526590-4ad5-417c-b3af-39e97024a657	_Art1_ScriptText	f2f48ec9_f1c6_4bdd_9ee2_11b35bded4f1.BIN
5b526590-4ad5-417c-b3af-39e97024a657	_Art1_Icon	d87313e5_d0d8_47c9_9045_47ef61b47fff.BIN
2cf1fbc1-ce25-43ef-99b5-48f35ed80b31	_Art1_Icon	45a18a5c_8c6f_4c58_9089_0499e66dbc7a.BIN
deecbba7-ae7c-48c2-a70d-4e10e33cdf40	_Art1_WindowsMetaFile	4ce76597_10e9_4019_8174_b11a5f1c2822.BIN
8795b812-1971-4c1c-b337-66d6a49050be	_Art1_RTF	82a3fb35_0677_4ed4_9874_217ca642bd46.BIN
e9b24df4-3da8-49ed-997a-f73a660e4676	_Art1_WindowsMetaFile	e663e627_e43f_45c9_9ebb_72c48ff60f54.BIN
4c86eae2-8545-471f-8756-ca15e5363b6a	_Art1_RTF	ff9e30d7_fea5_47b6_a732_5302bb85618a.BIN
63898413-193a-4d4a-bf85-595d61b03309	_Art1_ScriptText	5ff48a72_aed2_49dd_b615_c170330bc5de.BIN
876d6b9a-9570-4d3c-9444-93bb5cfa4a03	_Art1_ScriptText	29111027_af0a_4e35_bdc0_a38545e1c069.BIN
4890d9cd-1cb2-4d89-97c7-60aacb327293	_Art1_ScriptText	679ed0a4_2785_4f90_9f82_5b8ee0cc2f46.BIN
eb7b3a20-bb5f-421f-b628-deb818c819ec	_Art1_Icon	1ef49329_1004_4f31_af25_da103fa84b78.BIN
efbd171e-51d1-43f6-bde3-82f0743ab576	_Art1_Icon	a6cb12a7_dc5f_467e_9b3e_631bff5775da.BIN
7e266a53-b335-4f83-9765-dd0d9a999fb6	_Art1_RTF	b05d3480_0db3_4ff5_9ff6_befd5eaa8bbd.BIN
e8cb6472-bea7-437f-b3a7-cb876b5f7595	_Art1_Icon	1e1bb485_aecb_4704_b3e6_e0eb9a786861.BIN
acc05e1b-70bc-463c-989c-ca466aa3c8fe	_Art1_RTF	47f1efd8_e8d2_4441_ade9_cf2ba266c5ab.BIN
d0734a2d-9e0c-4452-a93f-cd370c41caac	_Art1_Icon	3ae13b94_1b34_4e64_bcb3_8057a3c828ff.BIN
4f7b71a4-0ea8-4392-a946-ca33da898080	_Art1_RTF	4e2892bc_295f_4e3d_b20f_80985a745c06.BIN
8e844372-3941-4e84-9f55-37c2caed992b	_Art1_Icon	8edbb4f3_2c58_4aa1_8f69_c48d9c15e8f5.BIN
195a2593-10ea-4f7b-846b-37c398d65ea5	_Art1_RTF	f2523dd4_9787_416c_92ff_ff01168a82fa.BIN
c77f1b60-a5e0-4e66-bbe8-54fdc664f0b1	_Art1_RTF	1edaee9f_7fe3_40a2_8aed_675a15c504d9.BIN
c603511f-1e3b-41fc-a80a-05e349230b72	_Art1_RTF	f2761ab0_226d_4d38_acb6_a398fe9c4acc.BIN
d9813397-59f2-4cc5-9b6b-b170eaf3fbf2	_Art1_RTF	b053197a_b1f3_4e67_8cee_c54072192d97.BIN
501680dc-f28d-42f6-8283-0853a5029281	_Art1_RTF	aae1c395_274f_495d_9121_b7e38292e61a.BIN
f520fe72-9aab-479d-b9aa-9fd15fb25755	_Art1_ScriptText	579642a1_588c_47cd_9154_12827c6a94af.BIN
6eb5032c-c2fb-4202-ae63-f36edcc13779	_Art1_RTF	1839ef7a_1f90_491a_8e23_3ea09fc6a3a8.BIN
a134b0e0-e19b-47fd-8199-f1ddf803004c	_Art1_Icon	0fbb8c65_f5cf_4110_860b_75023aa206f3.BIN
043641d8-c482-4904-a9a7-be9371da97ad	_Art1_Icon	141cdcb2_97e7_480d_96fd_8ddbaff98410.BIN
471c2f23-f0bb-4756-bdf4-dcf4ebd8c2b3	_Art1_Icon	6b66a4f2_fc68_4474_9b75_d954d93826d7.BIN
42098982-d47c-498b-a387-c3ebd8a5322f	_Art1_Icon	b6774fe1_357b_4017_af4f_3294f6239546.BIN
7383b8d7-7d4b-4c85-8c14-e61a0fed6a84	_Art1_Icon	2b840aa3_0af2_4b36_809b_0186f625bfa2.BIN
62bf5e87-8e2d-460d-aba4-a79a4c8b5014	_Art1_RTF	40712912_d33c_4e2e_b51a_0db7b7dcf386.BIN
304c6eeb-b9df-4359-8711-8088aefd74cd	_Art1_Icon	8012dbb2_258c_47be_aef0_918577e3b572.BIN
dea7c2d1-c418-4773-adac-9147c1f3e863	_Art1_Icon	b29831ec_b85c_4c01_a63a_839829b13f6d.BIN
b4ffe7ec-2c87-4510-b43b-bb369efc3fef	_Art1_Icon	7b7c8ff2_89d2_4c85_bbc4_5ee848077640.BIN
ea4118ba-2a86-49cc-a6f7-aac67d7ca95a	_Art1_Icon	d12436b4_3613_45cc_a357_0933269bb5d3.BIN
ee863ee0-23ea-4bc9-bce9-13bb80930bf0	_Art1_ScriptText	1ad09223_676b_4575_9668_9de1378cfd2c.BIN
b24bd0a3-4900-4a39-90aa-8678d6fae592	_Art1_ScriptText	deb01dbe_0026_4c78_9928_1ec5fac18368.BIN
050d956a-337b-4e8a-bea7-72847d4b441e	_Art1_ScriptText	95e92b60_9f24_4261_84a1_b3741a26dca6.BIN
ac2b4462-b5a2-4922-9a73-c1eb3069abe1	_Art1_RTF	ff2b7d24_994c_4cc8_86d5_b713ec9c962c.BIN
ff3a55c4-c189-4d81-9d18-7b9799c3c23b	_Art1_ScriptText	27bc2536_03eb_413e_b49c_c1321e837fd3.BIN
6703b9c2-7fe4-44bc-ab6a-c8eaa1a74bab	_Art1_ScriptText	b8a603be_cad6_4126_973b_1d8e67135fe3.BIN
6769b8a0-80f0-40d8-9327-a4ef52df52c1	_Art1_ScriptText	d4cc30a5_1f9f_4873_b7a7_22d06fa1d538.BIN
bc938282-fa26-47b0-a436-2d78e0f723e2	_Art1_ScriptText	7def99e2_b215_4b62_a04e_9f95531b5337.BIN
19a89de9-553e-4d38-a072-fee4131a0de4	_Art1_RTF	449e5090_35b3_4f85_953b_acfba52b03cb.BIN
eecb2494-8eb9-4387-8da5-6e5d5b640513	_Art1_ScriptText	fdc0393d_ac7b_426f_8e0b_4373df57e2b5.BIN
a39e7821-3239-4d5c-977e-6db727f4692f	_Art1_ScriptText	5087d38d_dac4_486c_b041_173a854c7b0e.BIN
f04e2aee-a791-46e2-a0cc-8443499e257e	_Art1_Icon	2e7895e2_5ae9_493a_bdf0_5cee145e6278.BIN
8483b06c-f482-4621-a958-7c22376763a5	_Art1_Icon	512ec635_9e6e_4d38_aff7_c69c89455864.BIN
72d64562-c9cc-4a01-9ce0-9729a6cfdc61	_Art1_Icon	739226e2_f23c_4282_8d8c_e8a5acf03525.BIN
25f99580-5caf-46fe-9804-e37c72d3255b	_Art1_Icon	24e869fb_6d58_4580_bbfa_4aa0d5f03392.BIN
3d361545-18c4-4d17-85f5-e7689daba749	_Art1_Icon	1169614a_7f51_43ef_9a11_ba17d851c752.BIN
4390b8ae-efac-4ee2-91bf-bd352a0b2471	_Art1_Icon	aaef8d4c_3997_4aa8_8a55_a4d7cc9350df.BIN
18a3fe73-1b40-44b9-8d81-0a783e12617d	_Art1_RTF	b928964b_10e4_42e5_9c17_b809c8a70242.BIN
27a9df2d-3973-48d9-9678-e73624a3f12a	_Art1_Icon	eb751a48_612c_4960_adfa_8a937378ae37.BIN
c08f23fa-eb9c-4e8f-bcb9-ae8c44353598	_Art1_Icon	55887c90_a15d_4fef_a52c_4ebc2666b5d4.BIN
a8042ec2-1ed9-44f2-931d-205553d90d2b	_Art1_ScriptText	c67cf05b_4ab6_4e1e_8838_957fc73b5759.BIN
f758698e-7a1c-42c0-9f43-76ad42bcd622	_Art1_ScriptText	5ad1009d_2dee_41e6_a275_24e1f8df2258.BIN
b14c95db-c556-48f3-9c76-8bccac7a6358	_Art1_ScriptText	7aa151fe_b127_46b3_ab81_f20cbbd2fbc4.BIN
2bd5f830-8704-4022-baac-db416f528ce9	_Art1_ScriptText	2bc40975_cf39_4d83_87d1_c4f82c67066e.BIN
59c67267-71ef-438d-a749-d858ea334204	_Art1_ScriptText	7d4d1f4a_11f5_460d_8e85_07190609a423.BIN
ad327ab4-771c-4b70-b74c-24b44e3335f8	_Art1_ScriptText	66776c5f_1adc_44c7_b123_d0713080cf91.BIN
ad327ab4-771c-4b70-b74c-24b44e3335f8	_Art1_Icon	e58dfa47_031f_4021_84fe_373178e513da.BIN
b1176665-33a4-4f89-bc8f-9f615b454a26	_Art1_Icon	98dd04c4_898c_4139_876b_ce6ffff61ca7.BIN
70beb8c9-2c6a-4fbc-92c8-0ea14db92e6d	_Art1_RTF	3bd19c53_41dd_4c4b_a60f_39934368c63e.BIN
024433d8-85f0-4ecd-875e-8149414aa343	_Art1_Icon	ffdcfa02_70e9_4c5c_8995_3d327ad872e2.BIN
fb1da56a-273e-4332-9ff5-f58e232b0106	_Art1_RTF	f7a4eeeb_dba9_4287_bedc_3f0a9e7c359e.BIN
17d6e280-9568-455d-a88f-ebf07f749932	_Art1_Icon	69c9e4ee_f89d_4dbc_8439_d4eb6439a587.BIN
8bdc44d1-7340-48d9-9c99-5d11d15f9280	_Art1_ScriptText	229373fb_aa32_489d_b32b_b640d10337f9.BIN
8c781cf6-bde4-47bb-9150-b06d93dec035	_Art1_RTF	f2fefe80_5e00_4a7b_a3d6_a973263129dd.BIN
bc68ef8d-e81e-40df-9796-2ea277f41ee7	_Art1_Icon	f1604c3a_cb80_4618_85cb_0e800a264f8d.BIN
bf7a2f37-5da3-47c3-ae9f-a2c6a25d3e31	_ArtX_PROFILEHELPERASSEMBLYFILE	03914294_1ca6_4431_9456_d5a81688e0dc.BIN
bf7a2f37-5da3-47c3-ae9f-a2c6a25d3e31	_ArtX_PROFILEHELPERHELPFILE	eb9b0c47_b706_4e1e_84b7_41c0fa5b5663.BIN
bf7a2f37-5da3-47c3-ae9f-a2c6a25d3e31	_ArtX_PROFILEHELPERHELPTOPICPREFIX	45592140_c852_4b6b_806e_d1abc823a6dd.BIN
f6da4453-6119-40f2-8b99-597aee167d84	_Art1_ScriptText	f6c0f75a_d12e_4276_b59d_c33bc4dc097b.BIN
f6da4453-6119-40f2-8b99-597aee167d84	_Art1_Icon	b682f343_3909_4ca6_8db9_10586fbc380b.BIN
b4d311ba-5d96-40f4-890a-c8cf40007f33	_Art1_ScriptText	f51de34d_ddbe_4bcc_836b_a128222c21e3.BIN
b4d311ba-5d96-40f4-890a-c8cf40007f33	_Art1_Icon	d3987196_38b1_40e1_aa1d_a956036a0a09.BIN
90c7042d-df14-4c50-a7e3-04adb986447a	_Art1_ScriptText	a1351124_0008_4701_a101_f86736e67a5a.BIN
90c7042d-df14-4c50-a7e3-04adb986447a	_Art1_Icon	848468e1_da30_4a1c_94f9_e36a2f0fd486.BIN
aad6532f-692b-4f27-b54d-98fda6ccfc26	_Art1_ScriptText	8f0f0369_38f2_4066_bdda_da18bf62127d.BIN
aad6532f-692b-4f27-b54d-98fda6ccfc26	_Art1_Icon	8d740a01_da4b_4fb6_8d47_30485bcd74f9.BIN
9cd8d207-eaaa-419f-b49c-e5f5e7fe2a31	_Art1_ScriptText	786fe7ae_b39f_4758_be44_94defa84ce51.BIN
9cd8d207-eaaa-419f-b49c-e5f5e7fe2a31	_Art1_Icon	46aa8f93_4d0c_4f05_91fe_55a5fb6f40cd.BIN
f57d7bc1-2dab-4037-9ea3-8c979fef88d5	_Art1_ScriptText	cb5a4f8e_d1d1_4db7_8979_3e3dbc019ad6.BIN
f57d7bc1-2dab-4037-9ea3-8c979fef88d5	_Art1_Icon	bb684d1c_4089_47fa_a05f_1dbb35cb5561.BIN
ddddb547-085c-478b-9ca7-7595a8a0dd6e	_Art1_ScriptText	2f994124_7736_413c_bc39_7be374e533b4.BIN
ddddb547-085c-478b-9ca7-7595a8a0dd6e	_Art1_Icon	a9dc1291_da1d_4334_ab1d_a4c43d8f2cde.BIN
5316228c-32df-458d-8303-7a6894839cb1	_Art1_ScriptText	f30df48b_c85b_47a4_a8bd_bb70ca1b6b75.BIN
6c86c0b0-2797-458a-8073-a207414b1982	_Art1_RTF	f59f346b_c8ed_4c00_8223_6929b21789f8.BIN
1a0ae194-1608-4063-b34a-2a4113ca8a4a	_Art1_ScriptText	78c17810_ef98_446e_a964_05d4fbf87f22.BIN
600654c1-c90b-446d-a6ba-575c7f84e656	_Art1_RTF	e164dec7_2e95_478d_9949_bd38311b63f8.BIN
1511d6ae-0da6-46ad-8f4f-8bd3cff906ac	_Art1_ScriptText	852385c0_a8d0_46b8_a341_dbd181f0cbbd.BIN
b08ab59c-007c-4fa3-b88d-448da0a75a8a	_Art1_ScriptText	19a58b38_b2b9_4a6c_ab44_f243bdccb60d.BIN
fb21938d-c6c5-4f47-ac95-dc335991fe3e	_Art1_RTF	239fc2e1_8b13_4de0_8b8f_384094b27cf9.BIN
9b41f7b2-2f1e-44e6-8b30-26d9f4ee885f	_Art1_RTF	e2c081c5_8ed7_4f73_9689_1f1795eea55b.BIN
c5fecb46-cec8-447b-b9f9-06d723c1f785	_Art1_ScriptText	00924a8f_8e91_4a27_8e08_5428de433886.BIN
e54f0f91-6b49-4ce8-8d83-6d398a29b40e	_Art1_ScriptText	325a3cbc_32a2_41dd_827a_b4cab74a1b21.BIN
ee77923a-d195-463e-bfbf-c22dc8a6565a	_Art1_RTF	767c7c3b_8fd4_413c_be64_d1cf1fc32c49.BIN
c834527a-4ba1-4bc3-a335-3b8390c699e8	_Art1_ScriptText	5150b2e1_1337_4bb3_bcd8_81f51275dfca.BIN
fb5c2971-830b-4e01-9fb5-1d935f658c18	_Art1_ScriptText	a135abec_d6a8_42ac_8f47_e046fa83d886.BIN
a39ebfc2-22d1-4c04-baee-a8928fb5829c	_Art1_ScriptText	8569dd47_2b9f_41a9_967f_a6f2431c8e41.BIN
5f0893d7-4e35-4a0e-9dca-156c0915b27c	_Art1_ScriptText	eb873a4b_f816_4393_aceb_c3294bbc3741.BIN
4beedbe5-13b9-4200-bebb-55773bd03a0d	_Art1_RTF	52f6bcda_95eb_4b9a_a28d_3f71f6a13271.BIN
b5088c9a-6184-42af-90be-52a9010c640a	_Art1_ScriptText	75c12d9c_76a9_4948_aedf_114d1dd70b73.BIN
d6fc82f7-3fde-42d3-8b36-1890559f3afa	_Art1_RTF	7cbaa63f_9e5d_407f_9397_8fe61749960a.BIN
0eaaa7b1-4af2-4cd3-adfb-1e7b68c2b814	_Art1_RTF	36aba3e6_2e41_47e6_bbed_ff5a281e39d9.BIN
c73bd0ee-a83d-40d9-ba6b-36fd2d223497	_Art1_RTF	062ec01d_a0b1_4e3b_8d96_6d5f0aaa9198.BIN
812d2ba4-94fb-4e41-bee5-f87d5d3c89bb	_Art1_ScriptText	c8c328da_35af_41ee_b34d_659a141d89d2.BIN
0ace9370-3514-493d-b2d0-7a028a889a30	_Art1_ScriptText	694072f6_36d6_47d3_9c8c_6e836e9f22d2.BIN
ba5a2938-152e-419b-b405-87e0106474cb	_Art1_ScriptText	52fbca1b_9e99_4001_84fe_31a5734221b2.BIN
4057e6e1-42f7-42c0-b0a6-20e5ce065ea5	_Art1_ScriptText	914803af_19b3_4631_9a5e_8c4087c43d8d.BIN
05c1cb03-3147-481c-87cd-7689ff1093bc	_Art1_RTF	1f65a10e_f8db_4c8c_96b8_d7335a45629a.BIN
69f70165-d067-4280-aa54-ad52ab43130d	_Art1_ScriptText	3230eedd_d7ca_44d8_87f3_416cd49ba349.BIN
02a0c615-a616-497c-8914-34a7b1785c77	_Art1_RTF	e4cec13a_e35b_4359_9f1d_0085b0961d71.BIN
a67b40a6-598b-470b-af42-a09e67e406fa	_Art1_RTF	0ea49436_ed1e_4fce_8748_23b4423f5ed5.BIN
6ed1595c-9e35-43c7-9f89-b1745d367b2d	_Art1_ScriptText	5248f9eb_a7fb_48cc_873c_025d99fc42a9.BIN
bf5816c1-6b38-4087-ac78-5ef4d5ef7fcc	_Art1_RTF	bfd75ea9_f5bf_44e6_8718_10051270ac65.BIN
a1e4d6cc-e143-476b-93aa-295ae35ab868	_Art1_ScriptText	2cbe057a_501e_488c_8fae_293a928190e3.BIN
02ba776f-459e-434a-8244-5c9558d91334	_Art1_RTF	55433812_7da7_4028_993c_d7dfe1a2dffa.BIN
e0d3aca6-3919-4fe7-bb55-8ecb798e9c8a	_Art1_ScriptText	5df04e12_9030_486b_a7be_dbf7eab71410.BIN
e6c60d55-97d7-4104-8ba3-7ff6e9d0acc5	_Art1_RTF	0ef1e3d6_c869_40b8_b8fa_df79620689da.BIN
38afc45e-2f29-42dd-9a7a-e2a0bbd22580	_Art1_ScriptText	fa2d6a5b_5a49_4bb8_a836_99167ee2ea71.BIN
51b30f37-4257-4d59-89aa-5a7e0a928c15	_Art1_RTF	e8c68c8e_e726_4694_9060_ab1c14e600b1.BIN
c17d2e3e-5a3c-4663-9715-09fcfd7f126a	_Art1_ScriptText	7a5746b2_e966_4592_8560_ff0c81f210b9.BIN
ea0c6ccb-2c06-4297-8c31-604896d03535	_Art1_ScriptText	d2efccef_41e9_4c74_8d02_8369a38fe896.BIN
a6d5c528-ca17-48e4-8c03-b7db883f096d	_Art1_ScriptText	1c38ba91_6037_44c0_b9b8_a725f9a375b3.BIN
e091e796-bec1-4ffa-8f9d-165acc57f124	_Art1_Icon	60c8e7f4_26db_4513_8a4a_945f3dc28563.BIN
b33dd2ed-365d-476a-93af-1ae7dd95327c	_Art1_RTF	2294ee0c_1a1f_46e2_aeac_d98d38a27562.BIN
83401265-641f-4c79-a0cf-2c5a25e516e2	_Art1_RTF	cdaa3bc3_b120_4f8d_8e92_d0fe97107297.BIN
323c8201-e478-4a82-b959-562f0c2043b9	_Art1_Icon	d1b94ca0_3f89_4b73_b984_5d3231189567.BIN
aa3b95da-a228-460a-90ff-cc2cd353c3fe	_Art1_RTF	ffedca96_a6be_4c3b_b50f_760b574e6f72.BIN
87096dd9-30bf-48f2-8ad4-217a0aad6ba6	_Art1_Icon	a7aa95cf_d4bb_4abf_9fd1_b65814eea4bf.BIN
bb76f591-3b07-4a06-8282-20400ffdc5f7	_Art1_RTF	6ee8c8df_a7df_4fc4_9db8_6ef5afb398f3.BIN
ceff3462-8555-4598-9aa6-fd6e8df78725	_Art1_RTF	b9a20f90_a009_45bf_8af5_20afa9f27707.BIN
01c90416-3d75-4cd4-a675-c44b2f85a339	_Art1_Icon	66a906ca_f8ce_4e0e_9dba_8a569ad24d01.BIN
31f99938-4645-4d69-bb95-b01a59d6597c	_Art1_RTF	fb57850d_1a37_4807_8e75_e65e70c4292a.BIN
943ce03a-b899-4466-a2e2-b0873a792104	_Art1_RTF	2d216a9d_2181_4a64_a49e_21c1ba2a7e54.BIN
d9eb4e88-736d-479b-9e97-ebe05cc913e4	_Art1_Icon	3906f9a6_427a_427f_a308_5552191cff44.BIN
0529a073-d61c-4531-8ca1-efbde3ee262d	_Art1_RTF	fdb32456_d6a9_4e60_97e5_babe8984920a.BIN
4203a43c-ea3f-4a2b-bee7-2f468a267d90	_Art1_RTF	f5ddfb94_1e81_43d6_8d66_42680422c4f1.BIN
4c1412ff-5d60-4b99-baca-6a8f322bb10a	_Art1_Icon	a9504fc3_5887_49fa_a0e7_d0666bfe9761.BIN
4b8cfffe-808a-4803-86bb-8edd6c8e3af4	_Art1_RTF	3d920def_5907_449d_8ed9_5ef68a1c8a31.BIN
4d24c052-15ae-44b5-ab93-576c1c4acd5a	_Art1_RTF	1306ce16_338c_4337_94bc_a636a100d513.BIN
33856354-35dc-4111-8194-ceed71793b5a	_Art1_Icon	43b2cade_5a52_4c92_a92e_ea0a09bcda44.BIN
d152d923-61e1-4270-9444-703d4eda8c38	_Art1_RTF	4ff25092_f07c_4e0c_961c_c2b4a8ae6406.BIN
2b15b8ba-8935-4aa1-b014-465a1afd9a79	_Art1_Icon	9b5ebc02_2ff7_4379_ae99_2e0588ebd3bc.BIN
c4b70494-b4a9-47e9-877a-7032b1fa6893	_Art1_RTF	8e3d70bf_75e3_43d8_80be_b092c37a6fa9.BIN
37f31635-c9c9-4c24-b2b4-444afea3c67b	_Art1_Icon	20494dd8_79cd_489f_9d51_2b6b54b037ce.BIN
7a8191b4-1b16-4d4d-a4e6-6b0d101d3b0e	_Art1_ScriptText	ac5e94c1_8dda_43f2_ae5c_2bd0d0f0d1f3.BIN
6fed52b5-64a1-4674-a1f6-04ab49531576	_Art1_ScriptText	f445e8f5_007d_4948_8bf3_e843c89805b6.BIN
f80bc0e3-e8a3-4ec6-b0d8-f3ccd1ac6c64	_Art1_Icon	358d8a60_f605_450d_ae1c_8379e223ac4a.BIN
ba09c4de-bce3-41b6-b542-bb982bde1bd0	_Art1_Icon	26c47a86_f301_4d94_8ead_4198d50c677a.BIN
c9f07d92-fce9-4069-9cf2-fb4c10cc1c0b	_Art1_Icon	ca57a601_6302_4e51_8894_f5ffbfad30d9.BIN
fb4a88a0-6975-4a56-8a19-7c9e631f7d51	_Art1_ScriptText	0e2aa5eb_a710_4791_a10f_e604787c6773.BIN
26eb90a1-05d1-4662-85c0-fae75c452f5f	_Art1_Icon	1ec93d31_7081_4948_b376_40794fc85047.BIN
2f98359f-3326-41d9-8742-4fafeb4cd1bf	_Art1_ScriptText	474a64a3_6c44_41de_9c59_109ae4ec5744.BIN
95b36ff8-b2d7-4cfe-941c-109af25f5418	_Art1_ScriptText	d5e8bb92_3930_446b_ab94_684567cf90de.BIN
af2ec0c1-113f-4972-9b3a-741c559a683e	_Art1_ScriptText	2c8c8ee2_f84f_44bf_b1b4_81c4b8288e31.BIN
0a677a02-fe8a-47a4-b8ec-53738a459009	_Art1_ScriptText	ea35dd36_ffa3_4ef8_b1d9_aa9475eada06.BIN
f32c68c6-38ad-4d17-b9ef-3aa2c07d07ff	_Art1_ScriptText	8529ed12_ad8d_4ff7_bf26_562598e32f7a.BIN
7993bf5f-b2ae-4690-bb41-fc95196b07f2	_Art1_ScriptText	44cc59c9_2caa_4687_81ee_2f0757583c1c.BIN
f6a50535-ecd9-4d0e-9731-e5eb8b637de5	_Art1_Icon	61f24c94_cf6e_4d17_92b8_db6be96f4258.BIN
ab491bce-44f6-4ba4-b88c-d6f559f2f714	_Art1_RTF	d4bf65aa_045c_40be_b75f_3fe57bc2b184.BIN
10babbe9-8fae-43a2-a95b-521e836d94d5	_Art1_ScriptText	32deb22d_51e2_4dfc_82aa_28ff8627f657.BIN
f42a98bb-3610-43af-974a-f14c09fbafb7	_Art1_ScriptText	434a2834_e0ef_43bc_b389_f0daf751ad0d.BIN
0485ba2c-3f9f-4839-93f4-a899346df101	_Art1_ScriptText	fe1c9153_3899_4ac3_a289_72781ea9dff3.BIN
75bd1b8d-3d57-4ec2-98a8-d9a2803b672c	_Art1_ScriptText	f4d38879_641a_4bc8_8061_6e48b344201b.BIN
919d0cec-43b8-4a23-ba2e-f00a3ea3cddc	_Art1_ScriptText	cd1cf5fb_6e59_4f49_978a_05f3f461c2c7.BIN
1dc5dfa8-ffa6-4c71-b7e7-3a36380f35a2	_Art1_ScriptText	1030a466_6afc_4a31_bc90_c76791ba7a19.BIN
47caee0c-96bf-4cc4-ba2a-d3b82082a25a	_Art1_ScriptText	9b2eb267_c2e1_446d_b913_e459028801d9.BIN
d0272b52-2955-40bd-a1f5-34115574562a	_Art1_ScriptText	710975c6_3fb2_4cb7_878b_fd6bcbd96ea5.BIN
64f50ea2-4306-4e34-a1ee-a1d1b9b4cba0	_Art1_ScriptText	aa0efe80_42ae_418c_828a_93ba3c4b8c98.BIN
4af1cd85-934d-4360-a639-e2faee76eb94	_Art1_RTF	fa2a7677_ef8f_4a9a_a3d4_33f4d02d8efd.BIN
f8252262-d8ab-4bd4-8a5a-ae832a909ce7	_Art1_RTF	f3359c59_fe8a_4151_bc92_5d9ee83ba3ef.BIN
