b293d936-f36d-40e3-8d81-d791447b871e	_Art1_SchemaVersion	94017
f1ec0c1c-6be6-473d-b411-c7a9bdd18983	_Art1_ClassId	2108
f7251c44-5c61-4a53-9dd3-514524b0ea3a	_Art1_ClassId	2057
9ce297fb-2072-43d0-ae10-18d1fd77d040	_Art1_ClassId	2261
7d7dacae-82b9-4233-b8ac-c90c14f8b4a4	_Art1_ClassId	2142
d7b89357-8dd5-4b4d-9786-cb4576546d05	_Art1_ClassId	2177
af029c32-d1e6-4ce1-82ad-878c55652e2c	_Art1_ClassId	2075
39b03f9b-f536-4ed7-b704-d43045a9ac38	_Art1_ClassId	2041
b9c02619-507c-46bf-b10d-b9011e56432b	_Art1_ClassId	2058
5c15c91b-5cee-49f3-a71c-a38e89448078	_Art1_ClassId	2211
dbaf2f1b-da6e-4b4f-8afe-a213743cfe8f	_Art1_ClassId	2126
c297279f-2993-490c-998d-f6dfe64870b0	_Art1_ClassId	2262
74f16df4-659a-4d3c-b5aa-75c3e57e6c16	_Art1_ClassId	2110
cddfcbb1-9938-419b-a951-5ea0293f14db	_Art1_ClassId	2093
9627c59e-10b7-4c7e-b3ca-4f3b7c9c261f	_Art1_ClassId	2178
48197b4c-86c8-4a3a-84a3-a994aa889dd8	_Art1_ClassId	2059
ab0e40fc-bb56-49d5-8b6f-cdd711dd953b	_Art1_ClassId	2042
3053851d-2a03-4787-a60d-800163223411	_Art1_ClassId	2144
0589c096-9f34-4eca-98c3-3bff7245f3e9	_Art1_ClassId	2008
a4185420-ab9c-45b0-9805-bffda641c9fc	_Art1_ClassId	2212
6d149a0c-0b3d-4028-bc05-0a6558073b5b	_Art1_ClassId	2179
93432b6e-17e0-4887-a9ea-7d7598cd130a	_Art1_ClassId	2315
1b911c8d-7dce-4079-9a58-a464bd3912fe	_Art1_ClassId	2128
5ebb635d-e203-4cd6-9cfe-7c99f48b08a2	_Art1_ClassId	2162
680b4174-4df3-49d7-80c5-233df4632ac3	_Art1_ClassId	2043
3547f71a-7677-4d09-90b5-f5832ec83bd5	_Art1_ClassId	2213
f71775f5-89e3-46b4-8aac-7ab745821e24	_Art1_ClassId	2247
938ee033-9c9e-44e9-b4ee-9a545e00ad23	_Art1_ClassId	2129
62a2d27b-112f-424b-a568-5cfc9ea41bb2	_Art1_ClassId	2095
c3186474-120d-4fae-9333-08d47b9c244d	_Art1_ClassId	2163
558fd25d-c0af-4031-b709-119ab9ccce20	_Art1_ClassId	2061
12b75c72-6eee-4a7a-968a-fb597dde0d32	_Art1_ClassId	2044
3ba68bbe-5d63-4bbc-bec7-74c515c21440	_Art1_ClassId	2146
4dd90b05-58c7-4ab5-aaf7-54042373c0c5	_Art1_ClassId	2248
5ccee200-b5ce-40e9-9af0-7d9ed13ee439	_Art1_ClassId	2181
3bed58f0-332f-49fb-9aa7-e03d4b72eb44	_Art1_ClassId	5
71bb0bb5-0d2b-4b24-aaed-5f88f883ca75	_Art1_ClassId	2113
1af54de4-691f-4e9f-941f-ed3032374a8f	_Art1_ClassId	2096
1adbb382-6d2d-44ec-b8a5-b9b6d0d96ac4	_Art1_ClassId	2351
51d78c2c-a587-4734-bfa3-5f0bfde75753	_Art1_ClassId	2114
34b68e73-e075-4b45-8e6d-eefa2e5e68fe	_Art1_ClassId	2097
39908e3a-d449-4223-ad3f-e7f740d59d67	_Art1_ClassId	2165
b412a326-a1fc-495f-9913-9eaf71d6dd72	_Art1_ClassId	2352
a1ce7c9a-332d-4ad8-aee8-f8a2e6d902ac	_Art1_ClassId	2012
d30622a7-18b3-47c2-9622-148af171bf34	_Art1_ClassId	2353
757ea433-7bfd-4d8e-be14-836f787a5160	_Art1_ClassId	2098
551ae7fd-e054-4408-a0c3-68625716c350	_Art1_ClassId	2183
4d5000f3-a856-4e6b-a225-26240a32718b	_Art1_ClassId	2166
cb3f2730-268a-4aed-b45c-c8bc43d1f3c8	_Art1_ClassId	2251
f8274227-7710-42ec-ba8e-3cf7ad8a4fd1	_Art1_ClassId	2149
b91dd422-7553-43f9-8e2f-33ab1e413bea	_Art1_ClassId	2354
2f238886-2a36-474c-b573-835f2dd2ec74	_Art1_ClassId	2116
d910339f-7c93-427d-8da3-128bed45e2f5	_Art1_ClassId	2371
fbfda5c8-5fb8-47be-8d4f-c3da6da38295	_Art1_ClassId	2167
1565afc7-62d8-4bd6-a226-204c0366574f	_Art1_ClassId	2218
173b5cc9-6704-4ed8-bd8e-82f1babd4885	_Art1_ClassId	2133
4d206f0e-0d63-4383-bcf9-658cdfa579d9	_Art1_ClassId	2355
5a4bc816-f00b-4bc2-bfac-6d622bbf3b84	_Art1_ClassId	2185
292d0821-5fe9-42ec-ad91-436dc5f30dc4	_Art1_ClassId	2372
3cef8add-e77e-4f0a-abf3-df5d81a48d15	_Art1_ClassId	2151
403c6e53-ec7b-4482-b7d8-1efe7c1df2a2	_Art1_ClassId	2032
780f3ec1-94d2-4303-8e44-261944ecdc3a	_Art1_ClassId	2186
0bfe5424-86e3-4436-a4c7-f60b2414fec9	_Art1_ClassId	2169
8f37ff71-803d-4dc0-bf3c-4c2963732761	_Art1_ClassId	2152
1673a435-0f87-4dc6-b007-f60b654c7ac1	_Art1_ClassId	2068
2da88f19-37b0-4b6a-a3a3-099279a05219	_Art1_ClassId	2323
e61b02ae-653c-4ce6-b338-3f0168af2863	_Art1_ClassId	2085
8359a11a-6e55-4a79-9e1a-946600f51f67	_Art1_ClassId	2272
d8cd2c25-e3fd-46e3-af1c-c59080f3bda8	_Art1_ClassId	2255
91077370-6c0c-45a4-b459-d57271bc3701	_Art1_ClassId	2051
23125c74-90d5-4ba2-957c-2ff887b8df2c	_Art1_ClassId	2034
d0f6fa77-6a6e-486b-940d-1db45c3a7a7d	_Art1_ClassId	2340
f2fff889-b551-4078-9c64-252362535d4b	_Art1_ClassId	2136
5c3a471d-2f53-48a6-a822-fcd0af6c040f	_Art1_ClassId	2273
4ef9c732-52d1-4e6a-b3e8-de47c3e1f85f	_Art1_ClassId	2069
ad84f273-2cd6-4aab-817d-7ed962d96d62	_Art1_ClassId	2171
f4a2b178-fc18-4ba6-9131-cf42e98ef834	_Art1_ClassId	2205
a2493471-854c-4ae2-9069-d3859a95bd13	_Art1_ClassId	2154
04c5f8c0-d6ac-4c08-8092-07d78f040dd1	_Art1_ClassId	2137
6d53c483-8e05-4816-9d18-3100529582f1	_Art1_ClassId	2001
04bb20b4-6e47-49d3-ad8b-80d5aae0635f	_Art1_ClassId	2104
a9867339-7a27-4f97-98b3-197f99338654	_Art1_ClassId	2087
e2d9aae9-dbbc-477e-a309-2c31d366fb00	_Art1_ClassId	2172
8a4422b0-9823-439d-b4e2-66bf417b64cc	_Art1_ClassId	2138
2003f004-7f7f-4759-aafb-0053ac1d9263	_Art1_ClassId	2206
a9095851-d230-4aa0-b103-c70c36e17292	_Art1_ClassId	2071
75fedc96-588d-4980-ad90-245c19f2a794	_Art1_AliasedClassId	2020
75fedc96-588d-4980-ad90-245c19f2a794	_Art1_ClassId	2258
ec51e5a8-ec72-4f69-99f3-0f6b557c95bd	_Art1_ClassId	2020
d0576551-1b0d-4653-a255-c926bc0527b7	_Art1_ClassId	2139
e4def41c-45d6-4c18-9bb5-bbd9b3963693	_Art1_ClassId	2207
15d2631b-2bfc-481d-9342-7b1076c4fd99	_Art1_ClassId	2106
c2298a7c-d601-41d4-b3a6-1f5e96647fe7	_Art1_ClassId	2174
3ba4f089-2673-4ce6-abcc-1131647d98b4	_Art1_ClassId	2072
b11ceea5-9c4c-4ceb-a42f-92578e7017cb	_Art1_ClassId	2157
8fca8138-5c82-4d4c-9201-9daaafd9c8a7	_Art1_ClassId	2038
f36bd9da-f4e7-48ed-bd36-610160abc1d2	_Art1_ClassId	2021
a404a3c0-19f7-4de2-862d-ff5863558c42	_Art1_AliasedClassId	2020
a404a3c0-19f7-4de2-862d-ff5863558c42	_Art1_ClassId	2344
5649ffaf-1d5a-442c-8060-b58acfb3c9f4	_Art1_ClassId	2242
40c5b1b6-1126-48e2-b4f8-f8e001b7366a	_Art1_ClassId	2208
7f82dff1-0219-424e-92c7-bd19e8106396	_Art1_ClassId	2259
b9f536b8-53ee-4651-985c-06c38053adc6	_Art1_ClassId	2090
37908e00-a94c-4356-bd7b-651386b121df	_Art1_ClassId	2175
98e63983-f28e-44bf-b1cd-2d3c1566f75e	_Art1_ClassId	2073
55d8265e-d9fc-438b-81e5-8e72724ba21c	_Art1_ClassId	2158
0264c127-c744-49d1-85bc-29047abee8c2	_Art1_ClassId	2056
0ca3674d-4462-4621-814d-a91e270cd5a5	_Art1_ClassId	2039
6c5cc36c-c5b9-4a8c-99fa-fa1b8de75b57	_Art1_ClassId	2022
22691f4f-a22c-48e2-9929-4c41eb87f484	_Art1_AliasedClassId	2020
22691f4f-a22c-48e2-9929-4c41eb87f484	_Art1_ClassId	2345
5d5bc7d5-5e2e-4309-8d62-f4fd404a1e0a	_Art1_ClassId	2141
6d6bc113-a922-40a2-a4ff-692bcb9caa05	_Art1_ClassId	2260
cfaf9064-584e-465b-980a-218fe86abfcd	_Art1_ProfileVersion	9020009
17fb1b9e-b593-4307-8ff1-6ec146620068	_Art1_RealCommandId	39028
9e77a7cc-63bf-4a98-8e17-036b83d9b495	_Art1_RealCommandId	39028
6b2f4972-1e17-4691-9471-f21c4382aa39	_Art1_NameProperty	100
6b2f4972-1e17-4691-9471-f21c4382aa39	_Art1_TokenStart	36
974d72b8-93e7-4f6c-8eae-dd9cbcb5f38f	_Art1_NameProperty	100
974d72b8-93e7-4f6c-8eae-dd9cbcb5f38f	_Art1_TokenStart	49
e360db62-db1b-4433-b6f4-2e422823af47	_Art1_NameProperty	100
e360db62-db1b-4433-b6f4-2e422823af47	_Art1_TokenStart	62
ea1f62c9-304a-46aa-9368-0f66ab4d5f1b	_Art1_NameProperty	100
ea1f62c9-304a-46aa-9368-0f66ab4d5f1b	_Art1_TokenStart	68
f91cdc45-7bec-465d-b655-0f47804588f0	_Art1_NameProperty	100
f91cdc45-7bec-465d-b655-0f47804588f0	_Art1_TokenStart	74
cc72854d-a311-4b28-aa50-b7f6c4f371c9	_Art1_NameProperty	100
cc72854d-a311-4b28-aa50-b7f6c4f371c9	_Art1_TokenStart	84
92e31264-83f7-4e32-96d1-05028088a2b8	_Art1_RealCommandId	39024
a01bf4d0-ab1b-4947-8c9b-223a9a64e936	_Art1_RealCommandId	39097
f294f962-5f01-4489-899f-449b623e4a99	_Art1_RealCommandId	39089
3f10ccf2-dde6-47e9-a9cc-28ea28c77ad3	_Art1_RealCommandId	39026
0fb91d1e-2253-4dbe-b180-a77ad40cbe02	_Art1_RealCommandId	39025
c5becb5b-14d1-47df-9081-37a09bf7325a	_Art1_RealCommandId	45001
5cbf2238-5def-4196-9080-a40c760a3ec7	_Art1_RealCommandId	45001
92488609-82bb-472f-9fef-a3a9e2749dc3	_Art1_RealCommandId	45001
b0b8a4f3-ecae-4470-9db7-0badd1cd71e0	_Art1_RealCommandId	45001
e8650bde-27e9-4a99-83c5-bf3007f4761c	_Art1_RealCommandId	45010
a78fccca-4a46-4194-999f-f7228fd2ac51	_Art1_RealCommandId	45001
d372d931-7ccc-4769-b66f-544afe2ae324	_Art1_RealCommandId	45002
9d8a4077-27c6-424b-88f9-91ccaeb394d5	_Art1_RealCommandId	45010
e16377a9-f616-4663-984b-5ad503679efc	_Art1_RealCommandId	45065
2d29e9ec-2994-4484-b079-5a3c45ede83f	_Art1_RealCommandId	45061
61fedc92-b8e4-4129-8f97-680bc4ff880f	_Art1_RealCommandId	45010
517904ea-b73b-44d6-861a-d1910d75d865	_Art1_RealCommandId	45010
631e2162-49a4-446d-8822-d296e797cc2f	_Art1_RealCommandId	45010
c910d274-f76f-4bcd-b1b3-9b60f8d941c4	_Art1_RealCommandId	45010
c4485e0e-1b42-48b9-86a9-86efa1c4394f	_Art1_RealCommandId	45157
747eb5ae-6b08-477b-a6f7-639b2c2bf34f	_Art1_RealCommandId	45156
ee4eb717-4b3c-4d5a-b689-7868f8123337	_Art1_NameProperty	100
ee4eb717-4b3c-4d5a-b689-7868f8123337	_Art1_TokenStart	49
3353ed63-393d-4a6a-868e-1f9136de98b6	_Art1_NameProperty	100
3353ed63-393d-4a6a-868e-1f9136de98b6	_Art1_TokenStart	55
d4f7d552-9077-4a88-bd97-3caa16792b7c	_Art1_NameProperty	100
d4f7d552-9077-4a88-bd97-3caa16792b7c	_Art1_TokenStart	65
7b4f95f5-bbd5-4b74-9023-410e6e8f97b6	_Art1_NameProperty	100
7b4f95f5-bbd5-4b74-9023-410e6e8f97b6	_Art1_TokenStart	52
8e640194-7f75-4ce8-9ae8-4d3ed49193b9	_Art1_ProfileVersion	9020010
8df54e48-44f8-4dbb-bf60-db4016907370	_Art1_RealCommandId	40032
6207768c-ffc9-4e72-981d-661b69444334	_Art1_RealCommandId	39024
5df848ad-6ef5-491b-949f-fa52fa3fa427	_Art1_RealCommandId	39024
40eaba39-31ba-4db9-9b1e-65392af831db	_Art1_RealCommandId	39028
95e5c3bc-0036-4741-ab7e-706131baaaa4	_Art1_RealCommandId	39024
b168895c-0363-4a11-9f55-88b3c693cf7b	_Art1_RealCommandId	39024
72c60043-e1fc-4ecf-b462-fc22bff7f795	_Art1_RealCommandId	39024
f75e3ac7-859e-45c1-85af-168ab46b1f78	_Art1_RealCommandId	39024
7ad5fbf3-c03a-4ca4-8f5c-7eaf693ac37f	_Art1_NameProperty	100
7ad5fbf3-c03a-4ca4-8f5c-7eaf693ac37f	_Art1_TokenStart	42
f61e0c15-b76e-4901-abdb-41c1b7d04882	_Art1_NameProperty	100
f61e0c15-b76e-4901-abdb-41c1b7d04882	_Art1_TokenStart	222
dc422ba1-0f6f-4572-96da-9ae099f3f29c	_Art1_NameProperty	100
dc422ba1-0f6f-4572-96da-9ae099f3f29c	_Art1_TokenStart	222
abeaaf47-78fc-4e68-81fd-a4337a003092	_Art1_LineColour	128
aaea513a-3d09-4fa2-81b7-acedcb58cf36	_Art1_FillColour	13880558
aaea513a-3d09-4fa2-81b7-acedcb58cf36	_Art1_BackgroundColour	13880558
aaea513a-3d09-4fa2-81b7-acedcb58cf36	_Art1_LineColour	128
1265017f-6ebf-4132-91d8-0eeed6f4a5ad	_Art1_FillColour	13880558
1265017f-6ebf-4132-91d8-0eeed6f4a5ad	_Art1_BackgroundColour	13880558
1265017f-6ebf-4132-91d8-0eeed6f4a5ad	_Art1_LineColour	128
943ffb7a-058e-4a47-b0b7-624a48e3ad17	_Art1_FillColour	13880558
943ffb7a-058e-4a47-b0b7-624a48e3ad17	_Art1_BackgroundColour	13880558
943ffb7a-058e-4a47-b0b7-624a48e3ad17	_Art1_LineColour	128
7ba5877b-242f-42a8-b3a7-0debc9dd85e8	_Art1_NameProperty	100
7ba5877b-242f-42a8-b3a7-0debc9dd85e8	_Art1_TokenStart	4
b6176795-1faa-44ea-95c3-0dc4bfc4fd64	_Art1_NameProperty	100
b6176795-1faa-44ea-95c3-0dc4bfc4fd64	_Art1_TokenStart	739
e2954b2f-ff27-437b-95de-353d64c7bf62	_Art1_FillColour	10014206
e2954b2f-ff27-437b-95de-353d64c7bf62	_Art1_BackgroundColour	10014206
e2954b2f-ff27-437b-95de-353d64c7bf62	_Art1_TextColour	0
e2954b2f-ff27-437b-95de-353d64c7bf62	_Art1_LineColour	15803
26ad4303-cee1-4b41-ba63-75a2975a73d9	_Art1_FillColour	11599822
26ad4303-cee1-4b41-ba63-75a2975a73d9	_Art1_BackgroundColour	11599822
26ad4303-cee1-4b41-ba63-75a2975a73d9	_Art1_LineColour	32768
b398f242-4430-40af-9ff9-c9bac7ce05da	_Art1_FillColour	11599822
b398f242-4430-40af-9ff9-c9bac7ce05da	_Art1_BackgroundColour	11599822
b398f242-4430-40af-9ff9-c9bac7ce05da	_Art1_LineColour	32768
7bc42bc1-56ac-4e14-995c-f30ca41cab3e	_Art1_FillColour	11599822
7bc42bc1-56ac-4e14-995c-f30ca41cab3e	_Art1_BackgroundColour	11599822
7bc42bc1-56ac-4e14-995c-f30ca41cab3e	_Art1_LineColour	32768
cf2fd525-79ad-46e6-ba28-6337cd07e4cd	_Art1_FillColour	11599822
cf2fd525-79ad-46e6-ba28-6337cd07e4cd	_Art1_BackgroundColour	11599822
cf2fd525-79ad-46e6-ba28-6337cd07e4cd	_Art1_LineColour	32768
1c1a631e-1060-4b5b-b627-5848cc96841e	_Art1_FillColour	11599822
1c1a631e-1060-4b5b-b627-5848cc96841e	_Art1_BackgroundColour	11599822
1c1a631e-1060-4b5b-b627-5848cc96841e	_Art1_LineColour	32768
b08e7495-a30a-4e87-877f-90570c843700	_Art1_FillColour	11599822
b08e7495-a30a-4e87-877f-90570c843700	_Art1_BackgroundColour	11599822
b08e7495-a30a-4e87-877f-90570c843700	_Art1_LineColour	32768
8f3dd2c5-dec5-47bf-9287-93f5df7b315d	_Art1_FillColour	13172735
8f3dd2c5-dec5-47bf-9287-93f5df7b315d	_Art1_BackgroundColour	13172735
8f3dd2c5-dec5-47bf-9287-93f5df7b315d	_Art1_TextColour	0
8f3dd2c5-dec5-47bf-9287-93f5df7b315d	_Art1_LineColour	32896
9b2ae45d-fec5-4f7b-900d-84b7c2ad7050	_Art1_RealCommandId	39024
944ea2c5-9d8c-4279-9fe5-66f60841b21c	_Art1_RealCommandId	39097
1db8dbad-2b26-43e5-8871-82559fbd6f49	_Art1_RealCommandId	39089
ff0468d8-2684-449c-8ae7-07ab5eb6db21	_Art1_RealCommandId	39026
e2f32855-92f6-4523-8431-f92b08a7d574	_Art1_RealCommandId	39025
4182c81d-42f6-48fb-83bf-b00377266ac5	_Art1_RealCommandId	45001
e571ac6a-456a-4386-9c8b-9e9ac05e705d	_Art1_RealCommandId	45083
2e307bcf-ece1-44e9-ac2c-f254260ad0a6	_Art1_RealCommandId	45075
cc7eac58-c3da-4a96-a0ed-409183accd60	_Art1_RealCommandId	45002
c1ece87e-a14b-48bb-a8eb-5ed14cef512a	_Art1_RealCommandId	45002
ac0f3221-dfa0-4793-a3be-2d498e2c8c58	_Art1_RealCommandId	45159
b684bc90-d1bf-45eb-8239-26ff62a90653	_Art1_RealCommandId	45002
390aaca6-6571-4277-917d-73f85402f51d	_Art1_RealCommandId	45159
fa8c26a2-77a8-4ba9-a140-e1cf065d6902	_Art1_RealCommandId	45002
9ba59caf-e727-4b40-a93c-cb6232d155f0	_Art1_RealCommandId	45139
c12cd12b-8fa3-4b81-a1d9-bd2780dea7f9	_Art1_RealCommandId	45002
3ed92113-8e57-4653-890d-0a7fa18048bf	_Art1_RealCommandId	45109
62d02b61-14e0-4979-8930-c874b00c4562	_Art1_RealCommandId	45169
711c56a7-1c00-4910-91f6-15df2b328630	_Art1_RealCommandId	45169
a586328e-6af4-4525-b7d2-39a37591076c	_Art1_RealCommandId	45166
912af636-040c-4888-9656-6a38b173e326	_Art1_RealCommandId	45144
9721b71a-2584-4c56-89e9-b343fe8845a5	_Art1_RealCommandId	45169
74ef8804-871b-4b4f-b9e3-2df0f5b52b01	_Art1_RealCommandId	45169
d034c0dc-bef9-4883-8559-1c54d07afb7d	_Art1_RealCommandId	45004
7e39db14-3f2c-4cb0-b21f-1ff74517bcf1	_Art1_RealCommandId	45004
9749ec55-152a-48a7-95a7-6ce1ddbc232f	_Art1_RealCommandId	45004
1d00d139-1e94-4c46-ba4b-810bee7aa79e	_Art1_RealCommandId	45004
cf850a0a-84c3-431c-84ea-04a075b037cc	_Art1_RealCommandId	45175
ea3906a2-47a5-4aed-9f13-f4324df2844e	_Art1_RealCommandId	45004
5773412d-07d4-482a-b68d-962b800c221b	_Art1_RealCommandId	45004
91cfd578-4222-4433-9594-153ff25f8037	_Art1_RealCommandId	45004
e25aded8-d347-4ddd-baa2-45bd5c3a2e90	_Art1_RealCommandId	45004
e296c532-0e67-4744-a809-23d959fedcd5	_Art1_RealCommandId	45004
e8e10862-3497-4011-b995-8982b8db655b	_Art1_RealCommandId	45188
510c1535-1d43-4878-b6cb-2222ca022ee4	_Art1_RealCommandId	45004
268c7122-8849-48b6-a967-eca6e8bb1da7	_Art1_RealCommandId	45003
93d4f548-456e-4a29-97e3-27fd5e8e67c2	_Art1_RealCommandId	45016
958a2cd5-85b7-42df-b592-e0a1cd085e4c	_Art1_RealCommandId	45029
73359593-f2ad-4ce4-86b2-28ef74a5ae1d	_Art1_RealCommandId	45005
8b2d12fa-848a-43a8-a829-d4ed103db377	_Art1_RealCommandId	45065
dac57ae3-9fb1-48fa-8b5d-cab59219de12	_Art1_RealCommandId	45006
05ca0ea6-2b68-431b-8d51-9c77824932ec	_Art1_RealCommandId	45187
15b08e47-b8a0-493f-adb6-372f60d17fcf	_Art1_RealCommandId	45008
f309ec97-1ea5-4cf1-ba36-2f045af241bb	_Art1_RealCommandId	45009
bbe3ba08-f116-4c9e-b3e9-9ee1adfc7eb7	_Art1_RealCommandId	45061
41fb15ef-9c1f-40ca-b8bf-892b3753dd65	_Art1_RealCommandId	45010
4edc0588-5478-4c27-95ee-6b62998f0023	_Art1_RealCommandId	45158
95f9c6bc-1119-4bde-ae60-65af5edef4a4	_Art1_RealCommandId	45157
a3f3ffbc-e6b0-4868-a303-5dfb8eb34055	_Art1_RealCommandId	45156
a3294970-d5f2-47ad-ab86-2407d5027b2a	_Art1_RealCommandId	45036
8c516d0f-cb59-4372-a638-491819cdd706	_Art1_RealCommandId	45179
e6751c60-2aa6-4b57-9ac4-e8f3da8f85e4	_Art1_RealCommandId	45074
364994d4-2024-4e88-8018-49243595a06e	_Art1_RealCommandId	39024
bb32d9cc-18a9-4361-bdbe-7aafa71d532e	_Art1_RealCommandId	39097
8fdfc1fe-757e-4aec-bab8-646584df01a9	_Art1_RealCommandId	39089
8f496159-cc53-4881-ae84-0403c7ac03e5	_Art1_RealCommandId	39026
08eefa3d-5cf1-4123-ac71-7e151d39a815	_Art1_RealCommandId	39025
f628011f-6358-4f06-bf2a-e1891da8e2be	_Art1_RealCommandId	42020
eb7daca0-9345-4774-96e9-f3c450b3c474	_Art1_RealCommandId	42039
26a5c717-6875-4bd3-bdad-ebc3c92c4911	_Art1_RealCommandId	42040
41a0b7dd-c2eb-41d1-bb0e-2d3fc5484d6e	_Art1_RealCommandId	42040
0027e34e-e042-41a4-a7ec-0cf56df12857	_Art1_RealCommandId	42040
e065a3b6-6045-422f-aeee-6139983f76fc	_Art1_RealCommandId	42040
12e33014-bbdc-4812-974a-41d9ad595858	_Art1_RealCommandId	42027
5931da2a-2b0b-4cf2-b738-f974901ec1b1	_Art1_RealCommandId	42028
57ab8a25-b3f1-4557-a6ec-9b03cc824df2	_Art1_RealCommandId	45790
e2888594-d45f-4f4d-b707-6c369fef612d	_Art1_RealCommandId	45792
06a0afdd-4ec3-4d6a-b9a7-1818fb73edca	_Art1_RealCommandId	45790
7507f58c-9fc4-4728-95d1-01330a0f867d	_Art1_RealCommandId	45792
b05bcc02-938c-46da-a5a9-f6c5ec64f72d	_Art1_RealCommandId	42055
0c13dfa3-0da5-4c68-ad68-615fbdbd3594	_Art1_RealCommandId	45790
3e6a2280-d670-4f6d-94a0-d2a1a46ee33d	_Art1_RealCommandId	45792
208dc73a-19db-4585-917a-dc063a104b0d	_Art1_RealCommandId	42055
a5e2a879-1c78-43b4-8948-170cd74bf71d	_Art1_RealCommandId	42030
e7bce312-37d5-4e6e-b3c2-d2be638eab3e	_Art1_RealCommandId	42029
993c8108-a1fb-4666-8ce3-417128bd5b42	_Art1_RealCommandId	42051
24808f68-9ec0-4650-b399-f7eac429dbfa	_Art1_RealCommandId	42052
14120c06-80e8-418f-8afb-72768992b98c	_Art1_RealCommandId	42041
79a3c97b-89e9-436c-8455-e1a39a16c0c8	_Art1_Position	2	640	170
090803c9-e462-4d0a-9c07-33d9f3200594	_Art1_Position	2	98	170
82de078e-7b35-42a5-96e6-c7fdfc0d05e6	_Art1_Position	2	30	30
82de078e-7b35-42a5-96e6-c7fdfc0d05e6	_Art1_Width	2000
82de078e-7b35-42a5-96e6-c7fdfc0d05e6	_Art1_Height	1500
18c87c47-5178-4a21-abcf-87d44bbcd114	_Art1_FillColour	65280
18c87c47-5178-4a21-abcf-87d44bbcd114	_Art1_BackgroundColour	65280
18c87c47-5178-4a21-abcf-87d44bbcd114	_Art1_TextColour	0
18c87c47-5178-4a21-abcf-87d44bbcd114	_Art1_LineColour	32768
c16f9269-ffaf-47bd-bff0-c418e53d95ce	_Art1_FillColour	65280
c16f9269-ffaf-47bd-bff0-c418e53d95ce	_Art1_BackgroundColour	65280
c16f9269-ffaf-47bd-bff0-c418e53d95ce	_Art1_TextColour	0
c16f9269-ffaf-47bd-bff0-c418e53d95ce	_Art1_LineColour	32768
a3f72104-18f8-4b1f-8af4-074cac83487e	_Art1_NameProperty	100
a3f72104-18f8-4b1f-8af4-074cac83487e	_Art1_TokenStart	222
1a85b5a6-4dce-454f-b875-12b158d25c1a	_Art1_NameProperty	100
1a85b5a6-4dce-454f-b875-12b158d25c1a	_Art1_TokenStart	222
5007e3ca-f6c4-4af7-9d0c-43eaacb197b9	_Art1_NameProperty	100
5007e3ca-f6c4-4af7-9d0c-43eaacb197b9	_Art1_TokenStart	222
3c123c1b-e687-480d-97c2-b2f986532999	_Art1_NameProperty	100
3c123c1b-e687-480d-97c2-b2f986532999	_Art1_TokenStart	222
2a93f90e-b18e-48b6-a440-2214968b0b2a	_Art1_NameProperty	100
2a93f90e-b18e-48b6-a440-2214968b0b2a	_Art1_TokenStart	222
772db8d8-a630-486e-9e86-6651adbb6d9d	_Art1_NameProperty	100
772db8d8-a630-486e-9e86-6651adbb6d9d	_Art1_TokenStart	222
0ae6e294-7531-4921-a760-50beb01cf98c	_Art1_NameProperty	100
0ae6e294-7531-4921-a760-50beb01cf98c	_Art1_TokenStart	222
c82b81ae-3924-438a-99d0-5fca2256c900	_Art1_FillColour	8454143
c82b81ae-3924-438a-99d0-5fca2256c900	_Art1_BackgroundColour	8454143
c82b81ae-3924-438a-99d0-5fca2256c900	_Art1_LineColour	32896
cd1f3a97-1c18-4fd6-84f6-9ccab013940b	_Art1_FillColour	16777215
cd1f3a97-1c18-4fd6-84f6-9ccab013940b	_Art1_BackgroundColour	16777215
cd1f3a97-1c18-4fd6-84f6-9ccab013940b	_Art1_LineColour	32896
366517a3-94de-4d5a-93a7-86682af795fb	_Art1_NameProperty	100
366517a3-94de-4d5a-93a7-86682af795fb	_Art1_TokenStart	2242
8170ee42-fd39-4152-b21e-9661f66ac45b	_Art1_NameProperty	100
8170ee42-fd39-4152-b21e-9661f66ac45b	_Art1_TokenStart	1636
05c094fc-6cb7-431c-b379-975ca923be75	_Art1_NameProperty	100
05c094fc-6cb7-431c-b379-975ca923be75	_Art1_TokenStart	1743
0d8c89e2-0415-47c0-aba4-2a150ac0213e	_Art1_BackgroundColour	8454143
0d8c89e2-0415-47c0-aba4-2a150ac0213e	_Art1_LineColour	32896
e406b475-eb51-4501-9b2a-fd3ea69dfa92	_Art1_RealCommandId	39024
6a12f966-d5a2-40af-8784-375c07e6148e	_Art1_RealCommandId	39097
f2b4188d-a5be-4d13-b448-8fa195ba6999	_Art1_RealCommandId	39089
2bee9a9b-23e1-4979-bb2d-5a4562cc935e	_Art1_RealCommandId	39026
3b20132a-ebe6-4131-90ea-c76de0447baa	_Art1_RealCommandId	39025
649933ac-fb76-4490-9b46-ff7962b2b99d	_Art1_RealCommandId	42039
eea6d608-4ca4-490c-a739-3e2ccfb7df6d	_Art1_RealCommandId	42039
ccb6133c-4147-4bb0-9deb-ed764377a7a9	_Art1_RealCommandId	42039
bd950f20-6568-46af-8b09-adac570d2da7	_Art1_RealCommandId	45790
5b526590-4ad5-417c-b3af-39e97024a657	_Art1_RealCommandId	45792
0897d5df-79c9-4ca4-a2a3-48cfcffc693c	_Art1_NameProperty	100
0897d5df-79c9-4ca4-a2a3-48cfcffc693c	_Art1_TokenStart	222
e516b964-ea30-4fbc-b82d-490c2e376fe3	_Art1_NameProperty	100
e516b964-ea30-4fbc-b82d-490c2e376fe3	_Art1_TokenStart	222
37667c50-fba7-40a2-9ced-a8065d3878d2	_Art1_NameProperty	100
37667c50-fba7-40a2-9ced-a8065d3878d2	_Art1_TokenStart	222
d0734a2d-9e0c-4452-a93f-cd370c41caac	_Art1_FillColour	11184853
d0734a2d-9e0c-4452-a93f-cd370c41caac	_Art1_BackgroundColour	11184853
d0734a2d-9e0c-4452-a93f-cd370c41caac	_Art1_LineColour	0
0fc1e017-a2b7-4247-acd3-91182f536dc2	_Art1_NameProperty	100
0fc1e017-a2b7-4247-acd3-91182f536dc2	_Art1_TokenStart	222
a134b0e0-e19b-47fd-8199-f1ddf803004c	_Art1_FillColour	8224255
a134b0e0-e19b-47fd-8199-f1ddf803004c	_Art1_BackgroundColour	8224255
a134b0e0-e19b-47fd-8199-f1ddf803004c	_Art1_LineColour	128
043641d8-c482-4904-a9a7-be9371da97ad	_Art1_FillColour	16754077
043641d8-c482-4904-a9a7-be9371da97ad	_Art1_BackgroundColour	16758704
043641d8-c482-4904-a9a7-be9371da97ad	_Art1_TextColour	0
043641d8-c482-4904-a9a7-be9371da97ad	_Art1_LineColour	8388608
471c2f23-f0bb-4756-bdf4-dcf4ebd8c2b3	_Art1_FillColour	16754077
471c2f23-f0bb-4756-bdf4-dcf4ebd8c2b3	_Art1_BackgroundColour	16758704
471c2f23-f0bb-4756-bdf4-dcf4ebd8c2b3	_Art1_LineColour	8388608
42098982-d47c-498b-a387-c3ebd8a5322f	_Art1_FillColour	16754077
42098982-d47c-498b-a387-c3ebd8a5322f	_Art1_BackgroundColour	16758704
42098982-d47c-498b-a387-c3ebd8a5322f	_Art1_LineColour	8388608
7383b8d7-7d4b-4c85-8c14-e61a0fed6a84	_Art1_FillColour	16754077
7383b8d7-7d4b-4c85-8c14-e61a0fed6a84	_Art1_BackgroundColour	16758704
b4ffe7ec-2c87-4510-b43b-bb369efc3fef	_Art1_FillColour	16702140
b4ffe7ec-2c87-4510-b43b-bb369efc3fef	_Art1_BackgroundColour	16702140
b4ffe7ec-2c87-4510-b43b-bb369efc3fef	_Art1_LineColour	8388608
975dc854-5ce7-4f7e-b33d-42cc452544e4	_Art1_NameProperty	100
975dc854-5ce7-4f7e-b33d-42cc452544e4	_Art1_TokenStart	222
d31fcafd-e9de-41c1-ae4d-84a8417d3532	_Art1_NameProperty	100
d31fcafd-e9de-41c1-ae4d-84a8417d3532	_Art1_TokenStart	222
691b517a-1c80-4357-96cf-f7a8e82432b6	_Art1_NameProperty	100
691b517a-1c80-4357-96cf-f7a8e82432b6	_Art1_TokenStart	222
76015b42-4535-413f-ba5d-3b7c46dbdb78	_Art1_NameProperty	100
76015b42-4535-413f-ba5d-3b7c46dbdb78	_Art1_TokenStart	222
4ef804fd-39c0-42ad-a89d-bd03f44e1fea	_Art1_NameProperty	100
4ef804fd-39c0-42ad-a89d-bd03f44e1fea	_Art1_TokenStart	222
aa6e73f9-2a80-4fd7-9d21-5d83ea05b56b	_Art1_NameProperty	100
aa6e73f9-2a80-4fd7-9d21-5d83ea05b56b	_Art1_TokenStart	222
69fb0b97-b1c2-4325-a770-3cf5c655bc7a	_Art1_NameProperty	100
69fb0b97-b1c2-4325-a770-3cf5c655bc7a	_Art1_TokenStart	222
e1a62a47-af0a-4180-872f-ee3b883c9c66	_Art1_Position	2	210	764
c5cb9a07-6e1a-4b09-95d7-47102feb0cfe	_Art1_Position	2	1320	764
7648a2ee-a715-4f0e-8a62-5564ac2ae5ed	_Art1_Position	2	498	1205
b9872f25-99b8-405b-ab25-406af72d4b59	_Art1_Position	2	1038	1205
f78d0b3a-c174-44f3-aeb9-5a912cba5577	_Art1_Position	2	765	207
d0d988da-ebe9-4940-9c5d-c0d95242e17f	_Art1_Position	2	765	764
c650ba5a-4cf0-414b-8862-e6aba857f908	_Art1_Waypoints	2	1005	693
c650ba5a-4cf0-414b-8862-e6aba857f908	_Art1_NamePositionData	4	1	5000	0	0
f63f906c-d97f-4e8f-a8af-14adc3b91adb	_Art1_Waypoints	4	1005	693	1560	693
f63f906c-d97f-4e8f-a8af-14adc3b91adb	_Art1_NamePositionData	4	1	5000	0	0
eb2c723e-69e0-468f-853f-4b6c59395bc1	_Art1_Waypoints	4	1005	693	450	693
eb2c723e-69e0-468f-853f-4b6c59395bc1	_Art1_NamePositionData	4	1	5000	0	0
7d1ce597-da2b-46a3-a932-b4a4fee0713e	_Art1_Position	2	30	30
7d1ce597-da2b-46a3-a932-b4a4fee0713e	_Art1_Width	2000
7d1ce597-da2b-46a3-a932-b4a4fee0713e	_Art1_Height	1500
3d361545-18c4-4d17-85f5-e7689daba749	_Art1_FillColour	14939389
3d361545-18c4-4d17-85f5-e7689daba749	_Art1_BackgroundColour	14939389
3d361545-18c4-4d17-85f5-e7689daba749	_Art1_LineColour	35827
6ac4c878-0e6c-4759-a75c-50606616377d	_Art1_NameProperty	100
6ac4c878-0e6c-4759-a75c-50606616377d	_Art1_TokenStart	139
b611222a-2d2d-490f-9d10-4316c5d371d4	_Art1_NameProperty	100
b611222a-2d2d-490f-9d10-4316c5d371d4	_Art1_TokenStart	115
a8042ec2-1ed9-44f2-931d-205553d90d2b	_Art1_RealCommandId	39024
f758698e-7a1c-42c0-9f43-76ad42bcd622	_Art1_RealCommandId	39097
b14c95db-c556-48f3-9c76-8bccac7a6358	_Art1_RealCommandId	39089
2bd5f830-8704-4022-baac-db416f528ce9	_Art1_RealCommandId	39026
59c67267-71ef-438d-a749-d858ea334204	_Art1_RealCommandId	39025
ad327ab4-771c-4b70-b74c-24b44e3335f8	_Art1_RealCommandId	39026
bf7a2f37-5da3-47c3-ae9f-a2c6a25d3e31	_Art1_ProfileVersion	9030010
f6da4453-6119-40f2-8b99-597aee167d84	_Art1_RealCommandId	39024
b4d311ba-5d96-40f4-890a-c8cf40007f33	_Art1_RealCommandId	39097
90c7042d-df14-4c50-a7e3-04adb986447a	_Art1_RealCommandId	39097
aad6532f-692b-4f27-b54d-98fda6ccfc26	_Art1_RealCommandId	39026
9cd8d207-eaaa-419f-b49c-e5f5e7fe2a31	_Art1_RealCommandId	39026
f57d7bc1-2dab-4037-9ea3-8c979fef88d5	_Art1_RealCommandId	39028
ddddb547-085c-478b-9ca7-7595a8a0dd6e	_Art1_RealCommandId	39028
019fb759-baf3-4c43-bf47-681542b4eb71	_Art1_NameProperty	100
019fb759-baf3-4c43-bf47-681542b4eb71	_Art1_TokenStart	222
27348dc2-a515-4cbc-aad7-3c1c79d193cc	_Art1_NameProperty	100
27348dc2-a515-4cbc-aad7-3c1c79d193cc	_Art1_TokenStart	222
6c6614f6-7f3f-461e-9136-31eb5f8cef9f	_Art1_NameProperty	100
6c6614f6-7f3f-461e-9136-31eb5f8cef9f	_Art1_TokenStart	222
1b074ccf-429d-4923-a1a7-3e5f884a7dc2	_Art1_NameProperty	100
1b074ccf-429d-4923-a1a7-3e5f884a7dc2	_Art1_TokenStart	222
e5087131-e168-4d73-a430-df91e901af2c	_Art1_NameProperty	100
e5087131-e168-4d73-a430-df91e901af2c	_Art1_TokenStart	222
9a8f9905-9f76-47d0-96b4-2f986ba5125a	_Art1_NameProperty	100
9a8f9905-9f76-47d0-96b4-2f986ba5125a	_Art1_TokenStart	222
4b63e5e9-807c-478d-955f-3f8b114401e0	_Art1_NameProperty	100
4b63e5e9-807c-478d-955f-3f8b114401e0	_Art1_TokenStart	222
9158be44-d8b3-4f54-98a5-e71d12b6a88b	_Art1_NameProperty	100
9158be44-d8b3-4f54-98a5-e71d12b6a88b	_Art1_TokenStart	222
3c2ccbe9-eeb9-4cdb-ba88-f5aa43b68392	_Art1_NameProperty	100
3c2ccbe9-eeb9-4cdb-ba88-f5aa43b68392	_Art1_TokenStart	222
3f174a56-6632-4284-bf0e-dd65b893fe5b	_Art1_NameProperty	100
3f174a56-6632-4284-bf0e-dd65b893fe5b	_Art1_TokenStart	222
2bd79e19-7804-4073-8e49-7b58c44f104f	_Art1_NameProperty	100
2bd79e19-7804-4073-8e49-7b58c44f104f	_Art1_TokenStart	222
3a7ec215-113d-467f-865f-060317c0b141	_Art1_NameProperty	100
3a7ec215-113d-467f-865f-060317c0b141	_Art1_TokenStart	14
72e8c98a-36e3-487b-b16c-acae5f89f377	_Art1_NameProperty	100
72e8c98a-36e3-487b-b16c-acae5f89f377	_Art1_TokenStart	222
ea8ecd15-8379-4aab-8f8d-8fa1254c2580	_Art1_NameProperty	100
ea8ecd15-8379-4aab-8f8d-8fa1254c2580	_Art1_TokenStart	222
2d3918d6-ad85-4777-982d-36ed3ab3c8ab	_Art1_NameProperty	100
2d3918d6-ad85-4777-982d-36ed3ab3c8ab	_Art1_TokenStart	222
973f6d49-f359-49fe-b50b-ce6224acfaea	_Art1_NameProperty	100
973f6d49-f359-49fe-b50b-ce6224acfaea	_Art1_TokenStart	222
3d5b7367-fc2e-4e63-90d3-808000deaf5f	_Art1_NameProperty	100
3d5b7367-fc2e-4e63-90d3-808000deaf5f	_Art1_TokenStart	222
ff28579e-e01e-4cd9-81d4-d71a302c8316	_Art1_NameProperty	100
ff28579e-e01e-4cd9-81d4-d71a302c8316	_Art1_TokenStart	222
820bd602-30fa-4be0-9061-11eeb0e9e135	_Art1_NameProperty	100
820bd602-30fa-4be0-9061-11eeb0e9e135	_Art1_TokenStart	222
a3ca15f9-b323-4e01-873a-b93c588affcf	_Art1_NameProperty	100
a3ca15f9-b323-4e01-873a-b93c588affcf	_Art1_TokenStart	222
a387f6ee-0437-4160-b1f0-bf4a8d1f1e2f	_Art1_NameProperty	100
a387f6ee-0437-4160-b1f0-bf4a8d1f1e2f	_Art1_TokenStart	222
6076a142-e043-4107-bf84-9d2eb67b5ce3	_Art1_NameProperty	100
6076a142-e043-4107-bf84-9d2eb67b5ce3	_Art1_TokenStart	222
10d2871e-5329-43ad-829b-7bc7e087e2af	_Art1_NameProperty	100
10d2871e-5329-43ad-829b-7bc7e087e2af	_Art1_TokenStart	222
1e11af15-92e9-409c-840f-c4322d30f2e2	_Art1_NameProperty	100
1e11af15-92e9-409c-840f-c4322d30f2e2	_Art1_TokenStart	222
e091e796-bec1-4ffa-8f9d-165acc57f124	_Art1_FillColour	16777215
e091e796-bec1-4ffa-8f9d-165acc57f124	_Art1_BackgroundColour	16777215
e091e796-bec1-4ffa-8f9d-165acc57f124	_Art1_LineColour	8421376
323c8201-e478-4a82-b959-562f0c2043b9	_Art1_FillColour	16777215
323c8201-e478-4a82-b959-562f0c2043b9	_Art1_BackgroundColour	16777215
323c8201-e478-4a82-b959-562f0c2043b9	_Art1_LineColour	8421376
87096dd9-30bf-48f2-8ad4-217a0aad6ba6	_Art1_FillColour	16777215
87096dd9-30bf-48f2-8ad4-217a0aad6ba6	_Art1_BackgroundColour	16777215
87096dd9-30bf-48f2-8ad4-217a0aad6ba6	_Art1_LineColour	8421376
01c90416-3d75-4cd4-a675-c44b2f85a339	_Art1_FillColour	16777215
01c90416-3d75-4cd4-a675-c44b2f85a339	_Art1_BackgroundColour	16777215
01c90416-3d75-4cd4-a675-c44b2f85a339	_Art1_LineColour	8421376
d9eb4e88-736d-479b-9e97-ebe05cc913e4	_Art1_FillColour	16777215
d9eb4e88-736d-479b-9e97-ebe05cc913e4	_Art1_BackgroundColour	16777215
d9eb4e88-736d-479b-9e97-ebe05cc913e4	_Art1_LineColour	8421376
4c1412ff-5d60-4b99-baca-6a8f322bb10a	_Art1_FillColour	16777215
4c1412ff-5d60-4b99-baca-6a8f322bb10a	_Art1_BackgroundColour	16777215
4c1412ff-5d60-4b99-baca-6a8f322bb10a	_Art1_LineColour	8421376
6d6ed670-e0f9-4478-9763-9f0887a68498	_Art1_Position	2	105	176
7d181d8f-8ea4-4003-88ee-94d4294f00cb	_Art1_Position	2	1124	175
cf2dc7d7-4910-43e8-919a-e9d0253f5a29	_Art1_Position	2	615	176
58122bd4-d380-4d21-8353-553cf0c894a4	_Art1_Position	2	612	898
02274f98-a95c-4d28-bcb1-b71221d5c33a	_Art1_Position	2	611	1077
5914808c-98f0-482e-9865-ee8383be4f72	_Art1_Position	2	1634	175
773be05a-1d35-4b38-888c-fd79ef1d90dd	_Art1_Position	2	1631	898
85551351-1083-47c2-893d-71c3ebaf80af	_Art1_Position	2	1122	898
557605b0-9416-4db6-ae4c-a23e412a30ae	_Art1_Position	2	1121	1077
c2ed8a9b-4ff3-4635-af75-239d39bf0e19	_Art1_Position	2	103	898
25275b7e-ab9a-4581-9720-436412432566	_Art1_Position	2	102	1077
0fe8bcee-863b-4eac-8cd9-6748c4fe733e	_Art1_Position	2	615	358
6c6732c7-3f4d-465b-89cc-7626510bc9ae	_Art1_Position	2	105	358
260bcb29-26bb-4a1d-b976-6e21c128cf45	_Art1_Position	2	1124	358
a8a43028-b18e-48f1-93a6-97feeae225f0	_Art1_Position	2	30	30
a8a43028-b18e-48f1-93a6-97feeae225f0	_Art1_Width	2165
a8a43028-b18e-48f1-93a6-97feeae225f0	_Art1_Height	1500
9aa19426-c3c3-4555-947a-ed8bc9b21b52	_Art1_FillColour	13172735
9aa19426-c3c3-4555-947a-ed8bc9b21b52	_Art1_BackgroundColour	13172735
9aa19426-c3c3-4555-947a-ed8bc9b21b52	_Art1_TextColour	0
9aa19426-c3c3-4555-947a-ed8bc9b21b52	_Art1_LineColour	32896
49aaa53e-db57-4643-b7df-39e71bb7415d	_Art1_FillColour	13172735
49aaa53e-db57-4643-b7df-39e71bb7415d	_Art1_BackgroundColour	13172735
49aaa53e-db57-4643-b7df-39e71bb7415d	_Art1_TextColour	0
49aaa53e-db57-4643-b7df-39e71bb7415d	_Art1_LineColour	32896
a930823e-5648-4fee-8716-79988ede90e0	_Art1_FillColour	13172735
a930823e-5648-4fee-8716-79988ede90e0	_Art1_BackgroundColour	13172735
a930823e-5648-4fee-8716-79988ede90e0	_Art1_TextColour	0
a930823e-5648-4fee-8716-79988ede90e0	_Art1_LineColour	32896
6724a002-de06-49cd-bed1-903738c02cc3	_Art1_FillColour	13172735
6724a002-de06-49cd-bed1-903738c02cc3	_Art1_BackgroundColour	13172735
6724a002-de06-49cd-bed1-903738c02cc3	_Art1_TextColour	0
6724a002-de06-49cd-bed1-903738c02cc3	_Art1_LineColour	32896
f944278a-9ddb-44fc-9637-860771f0e5c3	_Art1_FillColour	13172735
f944278a-9ddb-44fc-9637-860771f0e5c3	_Art1_BackgroundColour	13172735
f944278a-9ddb-44fc-9637-860771f0e5c3	_Art1_TextColour	0
f944278a-9ddb-44fc-9637-860771f0e5c3	_Art1_LineColour	32896
544ec246-cdbd-4110-9055-48e5bf2f1162	_Art1_FillColour	13172735
544ec246-cdbd-4110-9055-48e5bf2f1162	_Art1_BackgroundColour	13172735
544ec246-cdbd-4110-9055-48e5bf2f1162	_Art1_TextColour	0
544ec246-cdbd-4110-9055-48e5bf2f1162	_Art1_LineColour	32896
59738527-49a1-400c-bf9d-47a739d0e64a	_Art1_FillColour	13172735
59738527-49a1-400c-bf9d-47a739d0e64a	_Art1_BackgroundColour	13172735
59738527-49a1-400c-bf9d-47a739d0e64a	_Art1_TextColour	0
59738527-49a1-400c-bf9d-47a739d0e64a	_Art1_LineColour	32896
39bcf8d3-9266-4609-9c23-50c05ec9bd61	_Art1_Position	2	126	1068
fdfaa913-0682-4fb7-8d99-4efe0936a080	_Art1_Position	2	1152	885
235a6056-41d9-47ca-9dd5-e4e5758fdabe	_Art1_Position	2	126	1251
4fcdf550-8103-4e1c-9eeb-27655d437a8d	_Art1_Position	2	126	885
79225bcc-3ebd-464d-b93c-a82997292390	_Art1_Position	2	1665	885
5a8cad1e-e218-4664-883f-3ca55f7ce399	_Art1_Position	2	1152	1068
df7cda15-863f-46da-8c62-56be2558af4c	_Art1_Position	2	639	1251
0b48b6f8-3410-42d2-bb1b-11f82f4ab749	_Art1_Position	2	1152	339
9a259559-a94c-4d08-acef-ee30be7b6e40	_Art1_Position	2	1665	156
5c36e82b-3f59-4c83-9f39-054a7d891617	_Art1_Position	2	1152	156
ce6fef9d-ac8f-4d6c-a421-9adf099fda75	_Art1_Position	2	1152	522
09aa67f1-0b06-4164-981c-71dabf880e56	_Art1_Position	2	1665	339
4231d82a-00c8-48fa-bbea-837cfe97139e	_Art1_Position	2	639	522
79721caf-9d4c-4088-b073-f052aca073f1	_Art1_Position	2	126	339
de56c3b0-e314-41b7-92b1-a1bb01c9246c	_Art1_Position	2	126	156
82c1951d-16df-4bd2-bfb6-e2838ecffe13	_Art1_Position	2	126	522
55899910-251a-4218-9e60-ec1db7a49286	_Art1_Position	2	1665	1068
a9d1d23d-cceb-4f0b-a893-4f409f8957c5	_Art1_Position	2	639	156
527594b1-6990-4c26-9c29-31b3527087e1	_Art1_Position	2	639	1068
24f8ba5d-1dd7-48e3-8c3a-f65144d675ec	_Art1_Position	2	1152	1251
7016a22e-f4a4-4cc8-8e7e-0bfc393eb9c9	_Art1_Position	2	639	885
c60a48c2-cd80-448a-90dc-992de2772570	_Art1_Position	2	639	339
1e531123-905c-47eb-aaa2-fecabbc7cce4	_Art1_Position	2	30	30
1e531123-905c-47eb-aaa2-fecabbc7cce4	_Art1_Width	2208
1e531123-905c-47eb-aaa2-fecabbc7cce4	_Art1_Height	1641
9eec7b96-1289-4774-acd9-dee1b43195be	_Art1_FillColour	13172735
9eec7b96-1289-4774-acd9-dee1b43195be	_Art1_BackgroundColour	13172735
9eec7b96-1289-4774-acd9-dee1b43195be	_Art1_TextColour	0
9eec7b96-1289-4774-acd9-dee1b43195be	_Art1_LineColour	32896
aef964f7-aac4-40d5-a5c2-0201959c0953	_Art1_FillColour	13172735
aef964f7-aac4-40d5-a5c2-0201959c0953	_Art1_BackgroundColour	13172735
aef964f7-aac4-40d5-a5c2-0201959c0953	_Art1_TextColour	0
aef964f7-aac4-40d5-a5c2-0201959c0953	_Art1_LineColour	32896
d5fbfd8e-afd6-4dea-92cd-be3e68f7ed3d	_Art1_FillColour	13172735
d5fbfd8e-afd6-4dea-92cd-be3e68f7ed3d	_Art1_BackgroundColour	13172735
d5fbfd8e-afd6-4dea-92cd-be3e68f7ed3d	_Art1_TextColour	0
d5fbfd8e-afd6-4dea-92cd-be3e68f7ed3d	_Art1_LineColour	32896
24ff0288-6bc6-45f1-baeb-924ed1679d5e	_Art1_FillColour	13172735
24ff0288-6bc6-45f1-baeb-924ed1679d5e	_Art1_BackgroundColour	13172735
24ff0288-6bc6-45f1-baeb-924ed1679d5e	_Art1_TextColour	0
24ff0288-6bc6-45f1-baeb-924ed1679d5e	_Art1_LineColour	32896
25450ec2-4a8a-41cc-b785-0c0dd9b75c3f	_Art1_FillColour	13172735
25450ec2-4a8a-41cc-b785-0c0dd9b75c3f	_Art1_BackgroundColour	13172735
25450ec2-4a8a-41cc-b785-0c0dd9b75c3f	_Art1_TextColour	0
25450ec2-4a8a-41cc-b785-0c0dd9b75c3f	_Art1_LineColour	32896
edf833c6-05a9-439b-88ad-a75ad3d6b0c8	_Art1_FillColour	13172735
edf833c6-05a9-439b-88ad-a75ad3d6b0c8	_Art1_BackgroundColour	13172735
edf833c6-05a9-439b-88ad-a75ad3d6b0c8	_Art1_TextColour	0
edf833c6-05a9-439b-88ad-a75ad3d6b0c8	_Art1_LineColour	32896
f7e80186-2602-41e6-9d07-97d899a91905	_Art1_FillColour	13172735
f7e80186-2602-41e6-9d07-97d899a91905	_Art1_BackgroundColour	13172735
f7e80186-2602-41e6-9d07-97d899a91905	_Art1_TextColour	0
f7e80186-2602-41e6-9d07-97d899a91905	_Art1_LineColour	32896
d8a14647-13ad-47d1-af34-3d7003b8fe2d	_Art1_FillColour	13172735
d8a14647-13ad-47d1-af34-3d7003b8fe2d	_Art1_BackgroundColour	13172735
d8a14647-13ad-47d1-af34-3d7003b8fe2d	_Art1_TextColour	0
d8a14647-13ad-47d1-af34-3d7003b8fe2d	_Art1_LineColour	32896
c3fb361f-47de-4b3d-bd30-e0d9151ed3da	_Art1_FillColour	13172735
c3fb361f-47de-4b3d-bd30-e0d9151ed3da	_Art1_BackgroundColour	13172735
c3fb361f-47de-4b3d-bd30-e0d9151ed3da	_Art1_TextColour	0
c3fb361f-47de-4b3d-bd30-e0d9151ed3da	_Art1_LineColour	32896
3ec4a67e-5f56-45a5-90c6-26abd0774d81	_Art1_FillColour	13172735
3ec4a67e-5f56-45a5-90c6-26abd0774d81	_Art1_BackgroundColour	13172735
3ec4a67e-5f56-45a5-90c6-26abd0774d81	_Art1_TextColour	0
3ec4a67e-5f56-45a5-90c6-26abd0774d81	_Art1_LineColour	32896
d0b89002-1314-4c8e-850e-063e6393a3f7	_Art1_FillColour	13172735
d0b89002-1314-4c8e-850e-063e6393a3f7	_Art1_BackgroundColour	13172735
d0b89002-1314-4c8e-850e-063e6393a3f7	_Art1_TextColour	0
d0b89002-1314-4c8e-850e-063e6393a3f7	_Art1_LineColour	32896
c43f536a-80d5-435c-b084-226691880ae9	_Art1_Position	2	610	1830
d62e2810-e055-47af-8898-fad5d16ead69	_Art1_Position	2	96	546
5c52a791-8da0-4f87-adb4-a7307bfcd127	_Art1_Position	2	2146	730
5086bd26-6068-49e1-b4c7-3cb932ca8977	_Art1_Position	2	1121	176
815ec763-c058-41d7-b34d-6689e0498f50	_Art1_Position	2	96	730
7c46e364-c62f-4f63-bf80-697074b42f91	_Art1_Position	2	1634	1470
97962ff2-0011-4cfc-ad97-646842220af0	_Art1_Position	2	97	2010
cce841b0-7a76-4111-bc7b-49ad714a2042	_Art1_Position	2	1633	546
5ea57c12-5d36-44b5-87b2-d855d808e1fd	_Art1_Position	2	609	546
a06a0086-7ece-42a4-967d-55787b69445f	_Art1_Position	2	1634	1830
6a1a4299-27e7-48d0-9c4a-86c684095759	_Art1_Position	2	96	912
d45c734a-0377-4eb6-b0af-2e9ee43cbecc	_Art1_Position	2	96	361
55c85213-f3f9-4674-b794-a83077085e7a	_Art1_Position	2	2146	361
8e6b2c77-25be-4dde-bbf5-d9150f945e8e	_Art1_Position	2	96	176
0f2cac29-a14e-4f4a-9122-84fcac13d8bf	_Art1_Position	2	2147	1650
a5818183-2448-4cb3-8263-0ed7616a456c	_Art1_Position	2	610	1470
70b48b41-224b-4906-8aea-841a2c9f0992	_Art1_Position	2	1634	1650
6ef479c8-6e68-47b3-a4b1-d0dd41c8b89e	_Art1_Position	2	97	1470
d00e43a6-d5a1-4513-963b-b0d9c46fd045	_Art1_Position	2	610	2010
73ffd418-0976-4ff4-9965-6e9ee8596107	_Art1_Position	2	97	1290
01f49a5a-9540-4024-89af-3cb10499c72c	_Art1_Position	2	2147	1290
2a33f740-cffb-4ad7-b617-a40d8fcc9fa6	_Art1_Position	2	2146	176
cbda0411-33e0-479e-b89a-97d03c27ba33	_Art1_Position	2	609	361
55c04501-b6b8-45a3-b717-c0baa96321d0	_Art1_Position	2	1122	1830
7e0f0cb9-88d2-4741-9935-27b7ba59bba7	_Art1_Position	2	1633	361
f178a2c9-83b1-4732-94c1-280a689d157c	_Art1_Position	2	97	1830
cf1f20b8-13e2-4368-b253-a4938fd82a87	_Art1_Position	2	2146	546
a83b51b2-4862-4d93-8ebe-3e5f36b7c2d8	_Art1_Position	2	609	176
4f3fc1f8-e1fd-4d99-bfd1-1bbb3956376d	_Art1_Position	2	1121	546
89846997-2092-4375-a8e8-61b99535b074	_Art1_Position	2	1634	1290
7db5746a-8a05-4011-874f-73505042089a	_Art1_Position	2	609	730
73852095-f994-4534-952a-69db0b9fe47a	_Art1_Position	2	610	1650
1eeaecdd-684b-4625-bcb9-a7f2dd6a4ffb	_Art1_Position	2	1121	361
41787f46-8066-4c4f-a421-922d23a3602d	_Art1_Position	2	2147	1470
0ff3dda8-0a61-4a8b-84fd-944eedcfafc1	_Art1_Position	2	1122	1650
4cebd882-7980-4d2c-916f-49b985417cb6	_Art1_Position	2	1121	730
9f7dc49e-ac6b-4667-b5a0-b95a90cea1e1	_Art1_Position	2	1122	1470
144ce810-d1dc-4cf9-8510-3b6efe1ffd5b	_Art1_Position	2	97	1650
2eefed4b-aeb9-4958-9f60-256a86821886	_Art1_Position	2	1122	1290
4819ce63-84bc-4fb0-bc03-01602ada8cdc	_Art1_Position	2	1633	730
f0ca6190-e09f-47cb-b633-ed260e89144c	_Art1_Position	2	2147	1830
68fd0faa-7177-49d9-8101-e84dc4c48f07	_Art1_Position	2	610	1290
73a014cc-114b-4f6e-b9d7-908943e45b4a	_Art1_Position	2	1633	176
f530b564-6d68-4399-b930-48a47ff971db	_Art1_Position	2	609	912
bee82a83-1857-4e2b-9ca4-f785df3f6e56	_Art1_Position	2	30	30
bee82a83-1857-4e2b-9ca4-f785df3f6e56	_Art1_Width	2701
bee82a83-1857-4e2b-9ca4-f785df3f6e56	_Art1_Height	2269
37e051e3-b434-409c-bd05-e44be0978cc5	_Art1_FillColour	13172735
37e051e3-b434-409c-bd05-e44be0978cc5	_Art1_BackgroundColour	13172735
37e051e3-b434-409c-bd05-e44be0978cc5	_Art1_TextColour	0
37e051e3-b434-409c-bd05-e44be0978cc5	_Art1_LineColour	32896
daf827da-f31b-446b-9b00-b90277e4c505	_Art1_FillColour	13172735
daf827da-f31b-446b-9b00-b90277e4c505	_Art1_BackgroundColour	13172735
daf827da-f31b-446b-9b00-b90277e4c505	_Art1_TextColour	0
daf827da-f31b-446b-9b00-b90277e4c505	_Art1_LineColour	32896
00e161fc-c283-425f-af34-da5f136783e8	_Art1_FillColour	13172735
00e161fc-c283-425f-af34-da5f136783e8	_Art1_BackgroundColour	13172735
00e161fc-c283-425f-af34-da5f136783e8	_Art1_TextColour	0
00e161fc-c283-425f-af34-da5f136783e8	_Art1_LineColour	32896
db4ded2c-2420-4ad9-9783-291cf5b084c2	_Art1_FillColour	13172735
db4ded2c-2420-4ad9-9783-291cf5b084c2	_Art1_BackgroundColour	13172735
db4ded2c-2420-4ad9-9783-291cf5b084c2	_Art1_TextColour	0
db4ded2c-2420-4ad9-9783-291cf5b084c2	_Art1_LineColour	32896
005fe8fb-a9cd-4cd7-a93e-edd6bb76ac46	_Art1_FillColour	13172735
005fe8fb-a9cd-4cd7-a93e-edd6bb76ac46	_Art1_BackgroundColour	13172735
005fe8fb-a9cd-4cd7-a93e-edd6bb76ac46	_Art1_TextColour	0
005fe8fb-a9cd-4cd7-a93e-edd6bb76ac46	_Art1_LineColour	32896
aeb4bdaa-ea7c-402b-abd5-528c4daf4b11	_Art1_FillColour	13172735
aeb4bdaa-ea7c-402b-abd5-528c4daf4b11	_Art1_BackgroundColour	13172735
aeb4bdaa-ea7c-402b-abd5-528c4daf4b11	_Art1_TextColour	0
aeb4bdaa-ea7c-402b-abd5-528c4daf4b11	_Art1_LineColour	32896
fda614f0-c7c4-4122-a505-822c2f185f45	_Art1_FillColour	13172735
fda614f0-c7c4-4122-a505-822c2f185f45	_Art1_BackgroundColour	13172735
fda614f0-c7c4-4122-a505-822c2f185f45	_Art1_TextColour	0
fda614f0-c7c4-4122-a505-822c2f185f45	_Art1_LineColour	32896
8991d5a7-cec8-4330-8219-d68c1ea8dd66	_Art1_FillColour	13172735
8991d5a7-cec8-4330-8219-d68c1ea8dd66	_Art1_BackgroundColour	13172735
8991d5a7-cec8-4330-8219-d68c1ea8dd66	_Art1_TextColour	0
8991d5a7-cec8-4330-8219-d68c1ea8dd66	_Art1_LineColour	32896
5e9f6d1c-d6c5-4e2f-8568-72238d3528ec	_Art1_FillColour	13172735
5e9f6d1c-d6c5-4e2f-8568-72238d3528ec	_Art1_BackgroundColour	13172735
5e9f6d1c-d6c5-4e2f-8568-72238d3528ec	_Art1_TextColour	0
5e9f6d1c-d6c5-4e2f-8568-72238d3528ec	_Art1_LineColour	32896
46daf93e-e14b-49a2-95cb-e34e04f15a48	_Art1_FillColour	13172735
46daf93e-e14b-49a2-95cb-e34e04f15a48	_Art1_BackgroundColour	13172735
46daf93e-e14b-49a2-95cb-e34e04f15a48	_Art1_TextColour	0
46daf93e-e14b-49a2-95cb-e34e04f15a48	_Art1_LineColour	32896
e8ace2dc-cb2a-4eca-9006-424b06c3ea27	_Art1_FillColour	13172735
e8ace2dc-cb2a-4eca-9006-424b06c3ea27	_Art1_BackgroundColour	13172735
e8ace2dc-cb2a-4eca-9006-424b06c3ea27	_Art1_TextColour	0
e8ace2dc-cb2a-4eca-9006-424b06c3ea27	_Art1_LineColour	32896
10fe90c5-c370-4079-be12-8729057b18cd	_Art1_FillColour	13172735
10fe90c5-c370-4079-be12-8729057b18cd	_Art1_BackgroundColour	13172735
10fe90c5-c370-4079-be12-8729057b18cd	_Art1_TextColour	0
10fe90c5-c370-4079-be12-8729057b18cd	_Art1_LineColour	32896
e01bf675-c06f-480d-8053-112de271de13	_Art1_FillColour	13172735
e01bf675-c06f-480d-8053-112de271de13	_Art1_BackgroundColour	13172735
e01bf675-c06f-480d-8053-112de271de13	_Art1_TextColour	0
e01bf675-c06f-480d-8053-112de271de13	_Art1_LineColour	32896
e3ba224b-7980-4734-ab2a-c81a177c7e91	_Art1_FillColour	13172735
e3ba224b-7980-4734-ab2a-c81a177c7e91	_Art1_BackgroundColour	13172735
e3ba224b-7980-4734-ab2a-c81a177c7e91	_Art1_TextColour	0
e3ba224b-7980-4734-ab2a-c81a177c7e91	_Art1_LineColour	32896
eae6ae44-2dee-41b1-8b99-12dd0b7d2f48	_Art1_FillColour	13172735
eae6ae44-2dee-41b1-8b99-12dd0b7d2f48	_Art1_BackgroundColour	13172735
eae6ae44-2dee-41b1-8b99-12dd0b7d2f48	_Art1_TextColour	0
eae6ae44-2dee-41b1-8b99-12dd0b7d2f48	_Art1_LineColour	32896
59d5d84f-26a5-4466-b9c3-9e266328d5be	_Art1_FillColour	13172735
59d5d84f-26a5-4466-b9c3-9e266328d5be	_Art1_BackgroundColour	13172735
59d5d84f-26a5-4466-b9c3-9e266328d5be	_Art1_TextColour	0
59d5d84f-26a5-4466-b9c3-9e266328d5be	_Art1_LineColour	32896
ffb50d68-31cc-4f42-90e4-b3ee3b182126	_Art1_FillColour	13172735
ffb50d68-31cc-4f42-90e4-b3ee3b182126	_Art1_BackgroundColour	13172735
ffb50d68-31cc-4f42-90e4-b3ee3b182126	_Art1_TextColour	0
ffb50d68-31cc-4f42-90e4-b3ee3b182126	_Art1_LineColour	32896
81da6e5a-3642-4659-8883-e19d06a89f8a	_Art1_FillColour	13172735
81da6e5a-3642-4659-8883-e19d06a89f8a	_Art1_BackgroundColour	13172735
81da6e5a-3642-4659-8883-e19d06a89f8a	_Art1_TextColour	0
81da6e5a-3642-4659-8883-e19d06a89f8a	_Art1_LineColour	32896
a51d1290-4d5e-47c5-b1b6-218c7f577378	_Art1_FillColour	13172735
a51d1290-4d5e-47c5-b1b6-218c7f577378	_Art1_BackgroundColour	13172735
a51d1290-4d5e-47c5-b1b6-218c7f577378	_Art1_TextColour	0
a51d1290-4d5e-47c5-b1b6-218c7f577378	_Art1_LineColour	32896
0b87928b-067e-40fc-8f2b-42e3327e7cf3	_Art1_FillColour	13172735
0b87928b-067e-40fc-8f2b-42e3327e7cf3	_Art1_BackgroundColour	13172735
0b87928b-067e-40fc-8f2b-42e3327e7cf3	_Art1_TextColour	0
0b87928b-067e-40fc-8f2b-42e3327e7cf3	_Art1_LineColour	32896
8787494d-6a5d-429d-82a1-e37dbe353bf3	_Art1_FillColour	13172735
8787494d-6a5d-429d-82a1-e37dbe353bf3	_Art1_BackgroundColour	13172735
8787494d-6a5d-429d-82a1-e37dbe353bf3	_Art1_TextColour	0
8787494d-6a5d-429d-82a1-e37dbe353bf3	_Art1_LineColour	32896
3a67f2a6-6e5b-42f0-bb1b-f4e70895c799	_Art1_FillColour	13172735
3a67f2a6-6e5b-42f0-bb1b-f4e70895c799	_Art1_BackgroundColour	13172735
3a67f2a6-6e5b-42f0-bb1b-f4e70895c799	_Art1_TextColour	0
3a67f2a6-6e5b-42f0-bb1b-f4e70895c799	_Art1_LineColour	32896
cca9ea65-10df-46fb-8396-386a2c871367	_Art1_Position	2	1652	191
434e4926-48e7-4a99-96b8-4ae6deed31ae	_Art1_Position	2	628	191
24688a62-aa5b-4b3b-85ac-0bb77730dab4	_Art1_Position	2	116	191
79cbe210-9a5c-4be3-b467-85cfe9274ca1	_Art1_Position	2	1140	191
5c6528c9-4b2f-411c-aa44-5fe9842d6e31	_Art1_Position	2	30	30
5c6528c9-4b2f-411c-aa44-5fe9842d6e31	_Art1_Width	2188
5c6528c9-4b2f-411c-aa44-5fe9842d6e31	_Art1_Height	1500
05487369-a3eb-4259-b188-57f2f20c7e8b	_Art1_ProfileVersion	9040005
be37f446-ba72-4f4c-bf24-d225c8c955cc	_Art1_NameProperty	100
be37f446-ba72-4f4c-bf24-d225c8c955cc	_Art1_TokenStart	222
af315d64-82ee-4242-8598-a706f11aabdd	_Art1_NameProperty	100
af315d64-82ee-4242-8598-a706f11aabdd	_Art1_TokenStart	222
33245c00-5160-44e5-b021-e063cabddc98	_Art1_NameProperty	100
33245c00-5160-44e5-b021-e063cabddc98	_Art1_TokenStart	222
eec8076f-171e-4540-a6ca-4b7510bf1b30	_Art1_Width	2470
eec8076f-171e-4540-a6ca-4b7510bf1b30	_Art1_Height	3870
4b42b8fa-62e2-4956-a431-7c4606009388	_Art1_Position	2	120	270
4b42b8fa-62e2-4956-a431-7c4606009388	_Art1_Width	40
d37bb8f1-8543-4b80-8ba5-aa1bfa486cc5	_Art1_Position	2	30	30
d37bb8f1-8543-4b80-8ba5-aa1bfa486cc5	_Art1_Width	3337
d37bb8f1-8543-4b80-8ba5-aa1bfa486cc5	_Art1_Height	1527
6b2b6ad6-8742-4f45-a9d4-c4711034e59a	_Art1_Position	2	1458	130
b1c0a0e8-02ee-45e8-b76d-14e7ee1cf286	_Art1_Position	2	2538	526
8016ed3e-a207-47f8-a8c8-9c8a7333b9a0	_Art1_Position	2	130	526
38400fa8-b84d-444a-bd1f-35552f47f45c	_Art1_Position	2	1646	526
f9660b95-a251-4539-9d36-91b3e50c3ddf	_Art1_Position	2	1066	526
1e41124e-216c-4b01-81e2-e533ffad99cb	_Art1_Position	2	776	922
13b775bb-f36d-46eb-b24b-d21a9231aea4	_Art1_Position	2	1356	922
13b775bb-f36d-46eb-b24b-d21a9231aea4	_Art1_Width	480
13b775bb-f36d-46eb-b24b-d21a9231aea4	_Art1_Height	139
4675e017-5419-4f0e-ae7c-6343c0962a1b	_Art1_Position	2	1936	1361
2e23c9e4-c076-44d2-a996-a2f5e53f7da3	_Art1_Position	2	776	1361
c2629852-afcb-41f5-9ce6-b4459f9da627	_Art1_Position	2	1356	1361
a684e40f-f291-49dd-92ee-ec347cdfcb82	_Art1_Waypoints	4	1698	426	2902	426
a684e40f-f291-49dd-92ee-ec347cdfcb82	_Art1_NamePositionData	4	3	2500	0	-50
a684e40f-f291-49dd-92ee-ec347cdfcb82	_Art1_EndRolePositionData	4	1	9000	0	0
ca8b736e-75d6-4958-97d4-c495053ea7ba	_Art1_Waypoints	4	1698	426	548	426
ca8b736e-75d6-4958-97d4-c495053ea7ba	_Art1_NamePositionData	4	3	2500	0	-50
ca8b736e-75d6-4958-97d4-c495053ea7ba	_Art1_EndRolePositionData	4	1	9000	0	0
7813e025-4fc1-4b14-a53c-ff4ae5c5f59c	_Art1_Waypoints	4	1698	426	1306	426
7813e025-4fc1-4b14-a53c-ff4ae5c5f59c	_Art1_NamePositionData	4	3	2500	0	-50
7813e025-4fc1-4b14-a53c-ff4ae5c5f59c	_Art1_EndRolePositionData	4	1	9000	0	0
4b2f9d7d-9115-4921-b09a-676383771817	_Art1_Waypoints	4	1698	426	2042	426
4b2f9d7d-9115-4921-b09a-676383771817	_Art1_NamePositionData	4	3	2500	0	-50
4b2f9d7d-9115-4921-b09a-676383771817	_Art1_EndRolePositionData	4	1	9000	0	0
97ba28db-2b01-4070-8b3e-efb00bc10246	_Art1_Waypoints	4	1306	822	1596	822
97ba28db-2b01-4070-8b3e-efb00bc10246	_Art1_NamePositionData	4	3	2500	0	-50
97ba28db-2b01-4070-8b3e-efb00bc10246	_Art1_EndRolePositionData	4	1	9000	0	0
e6ff4892-838b-4f23-8dc1-30ceb10395b5	_Art1_Waypoints	4	1306	822	1016	822
e6ff4892-838b-4f23-8dc1-30ceb10395b5	_Art1_NamePositionData	4	3	2500	0	-50
e6ff4892-838b-4f23-8dc1-30ceb10395b5	_Art1_EndRolePositionData	4	1	9000	0	0
fff9995a-fd33-4e6f-b210-b4ab159f8248	_Art1_Waypoints	4	1596	1261	2176	1261
fff9995a-fd33-4e6f-b210-b4ab159f8248	_Art1_NamePositionData	4	3	2500	0	-50
fff9995a-fd33-4e6f-b210-b4ab159f8248	_Art1_EndRolePositionData	4	1	9000	0	0
062644c4-d1d7-4921-8d4b-263f6a5d9c47	_Art1_Waypoints	4	1596	1261	1016	1261
062644c4-d1d7-4921-8d4b-263f6a5d9c47	_Art1_NamePositionData	4	3	2500	0	-50
062644c4-d1d7-4921-8d4b-263f6a5d9c47	_Art1_EndRolePositionData	4	1	9000	0	0
f82a9797-677c-4814-a1a7-f9e8159d4aca	_Art1_Waypoints	4	1596	1261	1596	1261
f82a9797-677c-4814-a1a7-f9e8159d4aca	_Art1_NamePositionData	4	3	2500	0	-50
f82a9797-677c-4814-a1a7-f9e8159d4aca	_Art1_EndRolePositionData	4	1	9000	0	0
e79c1974-d0de-4bd5-8960-94bd99915c7c	_Art1_Position	2	30	30
e79c1974-d0de-4bd5-8960-94bd99915c7c	_Art1_Width	2000
e79c1974-d0de-4bd5-8960-94bd99915c7c	_Art1_Height	1500
9525eba6-5f5b-468e-b240-e211936617e9	_Art1_Position	2	600	175
